URL,threat_type,label
https://data.worldbank.org/,safe,0
http://mobildeniz2025firsatlari.duckdns.org/,safe,0
https://www.notion.so/,safe,0
http://www.avc3c.com/sharepointfileproposal/,safe,0
https://www.freecodecamp.org/,safe,0
http://www.webogram.org/z/,safe,0
https://www.hathitrust.org/,safe,0
https://pub-6ec7dc245c434057b766048a50064ade.r2.dev/home.html窶ｦ,safe,0
https://www.myfitnesspal.com/,safe,0
https://app--sso--robinhood---com.webflow.io/,safe,0
https://us.etrade.com/,safe,0
	https://pub-b26214b3a8b542bbaff0a62f68326d70.r2.dev/index.html窶ｦ,safe,0
https://sleekng.com/,safe,0
https://ahmdabubakarblog.blogspot.com/,safe,0
https://www.decorhubng.com/,safe,0
http://metmaskloginormetaask.godaddysites.com/,safe,0
https://www.jpl.nasa.gov/,safe,0
https://feempteplaternowssresertnow.weebly.com/,phishing,1
https://gbanjodeals.com/,safe,0
https://telegramhookups1.vercel.app/,safe,0
https://about.gitlab.com/,safe,0
https://commerzdegermany.com/,safe,0
https://www.onenote.com/,safe,0
http://discordgg.lwcloud.workers.dev/,safe,0
https://www.ck12.org/,safe,0
http://sso--ndax----com-auth.webflow.io/,safe,0
https://www.atlasobscura.com/,safe,0
http://xazu-bje.pages.dev/,safe,0
https://wwitv.com/television/237.htm,safe,0
http://551000q.cc/,safe,0
https://neemans.com/,safe,0
https://xn--r1a.website/s/appzakiay,safe,0
https://www.epa.gov/,safe,0
http://webde-105971.weeblysite.com/,safe,0
https://www.everydayhealthyrecipes.com/,safe,0
http://rickgunspx.github.io/ingenieriasocial/,safe,0
https://heimdalsecurity.com/blog/,safe,0
http://rsvmgmbh.at/de/raiffeisen-salzburg-versicherungsmakler/beschwerdemanagement.html,safe,0
https://www.wired.com/,safe,0
https://bennier.rest/f80f2efd53b241665fbce3f1edc1bfd0,safe,0
https://lidiasitaly.com/,safe,0
https://telegrams-u.com/dist/,safe,0
https://www.glassdoor.com/,safe,0
http://logino2.vercel.app/,safe,0
https://www.wikipedia.org/,safe,0
	https://depot-de-colis.com/index.php,safe,0
https://leitesculinaria.com/,safe,0
https://facebooks-suppost-account-cycurity.ubpages.com/checkpoint99566,safe,0
https://unsplash.com/,safe,0
https://auloswoodwind.nl/ar/ar06/other.php,safe,0
https://www.expedia.co.in/,safe,0
https://www.55100-55100tz02.vip/,safe,0
https://www.climate.gov/,safe,0
http://steamoss.com/,safe,0
https://www.nerdwallet.com/,safe,0
https://aidat-odemeleri7.com/,safe,0
https://www.ubereats.com/,safe,0
http://rebakd.pages.dev/,safe,0
https://pubmed.ncbi.nlm.nih.gov/,safe,0
http://pwokuoxa.love/,safe,0
https://www.virustotal.com/,safe,0
https://starbucks.lokrw.com/index.html?faq_spam_setln=ko,safe,0
https://www.investing.com/,safe,0
https://bexbank.com.br/_..'/xzw/,safe,0
https://www.hippocampus.org/,safe,0
https://santanderpod.globalizeme-dublin2.co.uk/adviserauth,safe,0
https://www.codecademy.com/,safe,0
https://rishug03.github.io/amazonclone/,safe,0
https://www.hopkinsmedicine.org/,safe,0
http://pub-a066c943231842dc954dab75432c3f01.r2.dev/nwndx.html?err=cqoillihk8cjubaox7ghwoeqhtczcken8ljzh8vgjkli8jflcwit4jcnybtaqdoyrddcb6zvtdbqlu91219esrsr43jizo6bxwwboyhjig0lu0b618og1d9ucarzik9dzrnx1sgcazgazoji6jexjqjesyxwlhn3gn26vix2plgot1l9akkaluqd71ip7850v,safe,0
https://www.careerbuilder.com/,safe,0
https://teleqrma.ink/k/,safe,0
https://www.who.int/data/gho,safe,0
https://pub-1eba217d949a436d9e609858987b1255.r2.dev/set2/index.html窶ｦ,safe,0
https://www.topcoder.com/,safe,0
https://pub-8d79a88a32c64cd382eb08a2651581f9.r2.dev/index.html,phishing,1
https://www.politico.com/,safe,0
http://xgdhlj.wcuum.xyz/?fxvig,safe,0
https://www.saveur.com/,safe,0
https://cc68b94d-d9d0-4a03-bf37-d58a3335e1ce.p.reviewstudio.com/-/en/fischzubehoer-aquarien/b/?ie=utf8&node=445313031&ref_=sv_petsupplies_7,safe,0
https://towardsdatascience.com/,safe,0
https://bt-100665.weeblysite.com/,safe,0
https://www.bbcgoodfood.com/,safe,0
https://pub-a7f416e623e14f51b1de95bf076e63c9.r2.dev/index.html,phishing,1
https://www.rulequest.com/,safe,0
http://congruous-shiny-alphabet.glitch.me/public/index_boxb.html,safe,0
https://journals.plos.org/plosone/,safe,0
http://is.gd/q7itbl,safe,0
https://essxnyc.com/,safe,0
http://btwebmailmemberinfo.weebly.com/,safe,0
https://www.holidify.com/,safe,0
https://dalatoue.com/,safe,0
https://www.ajio.com/,safe,0
http://pub-dbe302e63c364101bd3d0287f14b99e4.r2.dev/mails.html,safe,0
https://www.olacabs.com/,safe,0
https://43434343-11.duckdns.org/,safe,0
https://www.swiggy.com/home,safe,0
http://www.susongdcity.cn/,safe,0
https://www.bbc.com/news,safe,0
http://auth-yweb.github.io/mneww/,safe,0
https://haldiramsminutekhana.com/,safe,0
https://henslot-bro.com/,safe,0
https://jaipurgolden.in/,safe,0
http://storage.me-qr.com/html/3095eed3-c609-453d-8430-700d11878ad5.html,safe,0
https://www.sportingnews.com/in,safe,0
https://gasperi.eu/webcard/vendor/_/_/,safe,0
https://www.culinaryhill.com/,safe,0
http://us-gemini-logii.godaddysites.com/,safe,0
https://docs.github.com/,safe,0
http://pub-c7efe08b63e8421594b969e42f716377.r2.dev/serverdatae5cc43015815732a4d38f73eec6434e3e5cc43015815732a4d38f73eec6434e3e5cc43015815732a4d38f73eec6434e3outl00k.html,phishing,1
https://evernote.com/,safe,0
https://www.kathkuohome.com/,safe,0
https://ec.europa.eu/eurostat/,safe,0
https://www.metamask.at/,safe,0
https://www.cnbc.com/finance/,safe,0
https://radharaman-123.github.io/amazon/,safe,0
https://foe.org/,safe,0
http://1.58.167.170:34306/bin.sh,malware,0
https://weworkremotely.com/,safe,0
https://u.to/9nbeiq,safe,0
https://www.britannica.com/,safe,0
https://digvijaydeveloper.github.io/amazonclone/,safe,0
https://www.theodinproject.com/,safe,0
https://rishig1030.github.io/amazon-clone/,safe,0
https://www.coursera.org/,safe,0
https://tria.ge/250215-khyb7axmfp,safe,0
https://www.hackerrank.com/,safe,0
http://metmak-login-io.godaddysites.com/,safe,0
https://notability.com/,safe,0
https://reyyuuki.github.io/amazon-clone/,safe,0
https://www.hotstar.com/in/home?ref=%2fin,safe,0
https://tragraquiziproi-6094.vercel.app/jkl.qbjae/,safe,0
https://asana.com/,safe,0
https://rahukumar108.github.io/amazon-clone/,safe,0
https://my.clevelandclinic.org/,safe,0
http://takeactioncontentlaunch.vercel.app/complaint&z/,safe,0
https://whc.unesco.org/,safe,0
https://metamaskorlogin.godaddysites.com/,safe,0
https://public.wmo.int/,safe,0
https://messagericlients.samgoplaces.com/crdit-agricol/,safe,0
https://www.pinterest.com/,safe,0
https://pub-ca01049913b0400285bfc932dc80ed01.r2.dev/index.html窶ｦ,safe,0
https://klcs.org/,safe,0
https://dudhatdip.github.io/amazon_clone,safe,0
https://www.infosecurity-magazine.com/,safe,0
https://akshatsonker.github.io/netflix-clone/,safe,0
https://www.americastestkitchen.com/,safe,0
http://kkk-3.pages.dev/,safe,0
https://devdocs.io/,safe,0
https://bitvavo.debak.nl/signin-oidc,safe,0
https://www.outsourcey.com/,safe,0
https://protezino-ua25.rest/689daadd2797316e601ecc1cb36e3402,safe,0
https://www.edf.org/,safe,0
https://shoplovemmm.com/,safe,0
https://www.rescuetime.com/,safe,0
http://auth-yweb.github.io/savepagess/,safe,0
https://www.shutterbean.com/,safe,0
http://ldaibkasi2.innovator.icu/,safe,0
https://webcast.berkeley.edu/,safe,0
https://www.latm.ltventas.co.uk/,safe,0
https://en.wiktionary.org/wiki/wiktionary:main_page,safe,0
https://3656240617.cc/,safe,0
https://www.jamieoliver.com/,safe,0
https://telegramphoto.icu/+ira70wl34qwinxi,safe,0
https://www.manchester.ac.uk/,safe,0
https://kataresarthak.github.io/netflix-clone/,safe,0
https://online-learning.harvard.edu/,safe,0
https://telegrams-q.com/dist/,safe,0
https://www.djangoproject.com/,safe,0
https://pts.wed-wtaelagernn.com/thewl6-a/,phishing,1
https://www.ediblecommunities.com/,safe,0
https://bafybeiamzhqg5wctfuzsxmbwktko4qs5p4znm52drxipajrexwnk247spy.ipfs.dweb.link/,safe,0
https://thehackernews.com/,safe,0
https://www.uvd.zbz.mybluehost.me/ws/irdnz/bnz/home.php?&mdiqitkod7bdkogtn1aruh6tymhzxlzjk59urigxm9wmsti79oximielby8ervqhsp5zge3gncguhfuszkpwrvn7jynjvmvklr3xmcn2ah2alx1tkqwiiujegeonych3qyodon22kslv2lqmyal4tcipu0xpj5tviutmn4gffo1whqx7wl5hrw9zeszkennhmyisa84z,safe,0
https://www.cookingchanneltv.com/,safe,0
https://registrosolicitudpersonalinterclientes.xyz/,safe,0
https://www.unep.org/,safe,0
http://bluish-pear-lj7gn3.mystrikingly.com/,safe,0
https://www.cfa.harvard.edu/,safe,0
http://safety-profiles-fb-ads-156388343.vercel.app/,safe,0
https://www.wnba.com/,safe,0
http://webmail-townisp-com.netlify.app/,safe,0
https://www.verywellmind.com/,safe,0
http://mhdfizdp.top/,safe,0
https://wholefully.com/,safe,0
http://vc.uomg.xyz/,safe,0
https://www.skyscanner.co.in/,safe,0
http://walletconnnect-deeplink-prompt-issue.vercel.app/,safe,0
https://pomodoneapp.com/,safe,0
https://pub-1fceb155743745458cfafc4c80d12cb4.r2.dev/index.html,phishing,1
https://www.youtube.com/user/bonappetitdotcom,safe,0
https://pub-e8aebc8464e041ae8c35892c1733f68b.r2.dev/qw87ffg6ggsdferhr7窶ｦ,safe,0
https://www.fast.ai/,safe,0
http://axisbankolympuscreditcard.poshvine.com/,safe,0
https://dictionary.cambridge.org/,safe,0
https://teleltgla.business/,safe,0
https://dp.la/,safe,0
https://deepak2005-creator.github.io/netflixclone,safe,0
https://ai.googleblog.com/,safe,0
http://paypal-risques.com/,phishing,1
https://www.robinhood.com/,safe,0
http://safety-profiles-fb-ads-1009636842.vercel.app/,safe,0
https://data.nasa.gov/,safe,0
https://pub-54f10b2069bc4d7d830c4f30f712756d.r2.dev/index.html,phishing,1
https://tastesbetterfromscratch.com/,safe,0
http://account-restriction-complaint-center.d37jh4hqqgj6tm.amplifyapp.com/appeal-form.html,safe,0
https://www.fool.com/,safe,0
http://anitalh8.wixsite.com/my-site/,safe,0
https://www.howsweeteats.com/,safe,0
https://www.mobildeniz2025firsatlari.duckdns.org/,safe,0
https://savannah.gnu.org/,safe,0
http://s54rew.pages.dev/,safe,0
https://academicearth.org/,safe,0
https://ee-portal-info.web.app/,phishing,1
https://www.heart.org/,safe,0
http://www.is.gd/zcy6tg/,safe,0
https://packetstormsecurity.com/,safe,0
http://trackyourpackageusps.blogspot.co.nz/,safe,0
https://securityledger.com/,safe,0
https://smackapp.com/grp01.id.rakuten.co.jp/jp/f2e4c650367272a0d31739c68ed4c2f1/,safe,0
https://www.moviesite.co.za/,safe,0
https://icalac.org/didk/gspro/,safe,0
https://www.justdial.com/,safe,0
http://mitamskmask_lgoinm.godaddysites.com/,safe,0
https://www.openstreetmap.org/,safe,0
http://managaespcommunity.pages.dev/,safe,0
https://valkyries.wnba.com/,safe,0
http://117.235.101.187:52424/bin.sh,malware,0
https://www.thecookierookie.com/,safe,0
http://at-t-yahoo-5a8c76.webflow.io/,safe,0
https://www.healthline.com/,safe,0
https://rishiv1000.github.io/amazon-frontend-clone/,safe,0
https://www.accessbankplc.com/,safe,0
http://meztamhask-lowgin.gitbook.io/,safe,0
https://www.youtube.com/c/thekitchn,safe,0
http://ioepge.wdaww.xyz/?otkcy,safe,0
https://www.nist.gov/cyberframework,safe,0
https://worker-doc.wyfile-doc.workers.dev/,safe,0
https://cybersecurityventures.com/blog/,safe,0
	http://start-uk-trezor.teachable.com,safe,0
https://threatpost.com/,safe,0
https://cklawemail.softwareupdates.cc/?rid=jm5ycwx,safe,0
https://www.agoda.com/,safe,0
http://www.flow.page/aae49fdbb56ac08234640b3666/,safe,0
https://www.brilliant.org/,safe,0
https://rrpgcerkeo.wiki/,safe,0
https://css-tricks.com/,safe,0
http://metau-maasck-loogiin.godaddysites.com/,safe,0
https://www.halfbakedharvest.com/,safe,0
https://aktfkanxdnapaylterz.cz1.us.kg/,safe,0
https://www.birmingham.ac.uk/,safe,0
http://bafkreihnhp7eafhn6xv7j36tz37lwphgcqzuvprul3kwxk2dsvs555zr5q.ipfs.flk-ipfs.xyz/,safe,0
https://www.pexels.com/,safe,0
https://pub-158a4ab7ad6e43209750eddbe930bddd.r2.dev/index.html,phishing,1
https://www.codewars.com/,safe,0
https://pub-cfba3e7d81b847b69459eff833c37fd5.r2.dev/index.html,phishing,1
https://www.wri.org/,safe,0
http://uvd.zbz.mybluehost.me/ws/irdnz/bnz/home.php?&mdiqitkod7bdkogtn1aruh6tymhzxlzjk59urigxm9wmsti79oximielby8ervqhsp5zge3gncguhfuszkpwrvn7jynjvmvklr3xmcn2ah2alx1tkqwiiujegeonych3qyodon22kslv2lqmyal4tcipu0xpj5tviutmn4gffo1whqx7wl5hrw9zeszkennhmyisa84z,safe,0
https://www.bugcrowd.com/,safe,0
https://steamecomrmunity.com/s/104291953014,safe,0
https://www.deepmind.com/,safe,0
https://stemcommuniuty.com/glft/001002,safe,0
https://gamefaqs.gamespot.com/gba/914608-dragon-ball-z-the-legacy-of-goku-ii/faqs,safe,0
https://shoptitok.org/,safe,0
https://www.indiamart.com/,safe,0
https://cevoureigremmei-4382.vercel.app/mixcc.html,safe,0
https://www.themediterraneandish.com/,safe,0
http://complianceviolationengagehub.vercel.app/complaint&z/,safe,0
https://www.apache.org/,safe,0
https://mahalakshmisl.github.io/netflix,safe,0
https://www.csail.mit.edu/,safe,0
https://srteamcommunity.com/tradeffer/new/parter312279966634509049rokeny88nwi5/,safe,0
https://www.seti.org/,safe,0
http://www.cciexquant.com/,safe,0
https://threatvector.cylance.com/,safe,0
http://s0.fsoall.ir/macos/,safe,0
https://www.healthyseasonalrecipes.com/,safe,0
https://rishisurya9.github.io/clone-website/,safe,0
https://www.smashingmagazine.com/,safe,0
https://tl-larger.com/,safe,0
https://nodejs.org/en/,safe,0
http://djduejd.wixsite.com/my-site-1/,safe,0
https://www.bonappetit.com/,safe,0
https://deviparvathimanyam.github.io/netflix/,safe,0
https://hired.com/,safe,0
http://storetknow.com/,safe,0
https://codepen.io/,safe,0
	https://pub-d67d49f5f3124f6c9536efa112a0bba2.r2.dev/index.html窶ｦ,safe,0
https://www.sterkinekor.com/,safe,0
http://pmnbzx.com/,safe,0
https://pandas.pydata.org/docs/,safe,0
https://rishavkumar8876.github.io/amazon-clone/,safe,0
https://www.nps.gov/,safe,0
https://pemulihan-akun-dana-co-id.sfcs.web.id/,safe,0
https://www.greenpeace.org/,safe,0
https://j2m2wb6ewxfmxyvaufuh9n2gotk8po.pages.dev/smart89/,safe,0
https://www.homemadebycarmona.com/,safe,0
https://ok3002.top/jcbqa/,safe,0
https://www.tryhackme.com/,safe,0
https://shorten.so/@ozk0g?verify_account,safe,0
https://www.ikea.com/in/en/,safe,0
http://ipfs.io/ipns/k51qzi5uqu5dix28f7p9inw84plci83yinh4cjfqeb11cb4e775xx2xim9b4tw,safe,0
https://mars.nasa.gov/,safe,0
https://kunaljambhale06.github.io/frontend-practise,safe,0
https://kara.com.ng/,safe,0
http://pub-daaf0f3c335c477184cc201bdc5b89b3.r2.dev/bgtcxz.html,safe,0
https://www.kaggle.com/,safe,0
http://netflix-gpt-gray-sigma.vercel.app/,safe,0
https://www.ricksteves.com/,safe,0
	https://btlateststart.mmm.page/,safe,0
https://www.spoonforkbacon.com/,safe,0
http://shawn1allen.github.io/netflix-clone/,safe,0
https://www.scientificamerican.com/,safe,0
http://jaya-29.github.io/netflix-website/,safe,0
https://ocw.mit.edu/,safe,0
https://updtepoliyupdate.weebly.com/,phishing,1
https://www.eatyourselfskinny.com/,safe,0
https://warayana.com.pe/publicaciones/2024/02/29/soltero-feliz-o-soltero-desolado/,safe,0
https://www.justonecookbook.com/,safe,0
https://account-ndax-x.webflow.io/,safe,0
https://www.merriam-webster.com/,safe,0
https://codingkeguru.github.io/netflix-clone-website/,safe,0
https://www.vanguard.com/,safe,0
http://www.598159.com/,safe,0
https://ed.ted.com/,safe,0
http://stenmcommunity.com/gift/id=5947221648,safe,0
https://alison.com/,safe,0
http://pub-30cc7b882cd84be187266469e2449f33.r2.dev/masaaaa.html,safe,0
https://www.adidas.co.in/,safe,0
	https://qrco.de/bfkbol1?pageuser=jxjpj,safe,0
https://www.terraform.io/,safe,0
https://steomcommunity.com/glft/001021,safe,0
https://www.rust-lang.org/,safe,0
https://allegrolokalnie.oferta825282.cyou/?id=0eokoi7aa8mnfkbgj9m7n32b2kee5n,safe,0
https://doaj.org/,safe,0
http://a.3656vip6.com/,safe,0
https://evernote.com/webclipper,safe,0
http://pub-83613dff059841488aff95e9418d3fdf.r2.dev/edujunk.html,safe,0
https://wutarick.com/,safe,0
http://home-104837.weeblysite.com/,safe,0
https://www.washingtonpost.com/,safe,0
https://erfolgxr.com/,safe,0
https://www.zoom.com/,safe,0
https://www.bank-sco.vercel.app/,safe,0
https://cookieandkate.com/,safe,0
https://airbnb-clone-rose.vercel.app/,safe,0
https://www.artsy.net/,safe,0
https://tech-us-trezor.teachable.com/,phishing,1
https://www.fontsquirrel.com/,safe,0
https://5510006.net:8989/,safe,0
https://www.aldoshoes.in/,safe,0
https://axynus.github.io/instareel,safe,0
https://alexandracooks.com/,safe,0
https://manage-support-centers.top/abc,safe,0
https://www.gutenberg.org/,safe,0
https://paulding-736eb.firebaseapp.com/,phishing,1
https://www.skyscanner.com/,safe,0
https://8hzq1.com/,safe,0
https://www.worldbank.org/,safe,0
https://cc68b94d-d9d0-4a03-bf37-d58a3335e1ce.p.reviewstudio.com/-/en/amazon-geschenkgutscheine-gutschein-geschenkkarte-gru%c3%9fkarte-geburtstag-ostern-weihnachten-aufladen/b/?ie=utf8&node=1571256031&ref_=nav_cs_gc,safe,0
https://www.sec.gov/edgar.shtml,safe,0
http://www.smobilliilaafipnkki.com/,safe,0
https://www.linkedin.com/learning/,safe,0
http://syedhabibahmadg.github.io/netflix-clone-project/,safe,0
https://www.cookinglight.com/,safe,0
https://raja913239.github.io/amazonclone/,safe,0
https://www.allrecipes.com/,safe,0
http://wvkbmcldrszjp.ink/,safe,0
https://baccabucci.com/,safe,0
https://bihlpwyudhgafsdkondojn.weeblysite.com/窶ｦ,safe,0
https://cookpad.com/,safe,0
http://twqmmy.com/,safe,0
https://americacomesalive.com/,safe,0
http://timur-opt.online/,safe,0
https://www.flipkart.com/,safe,0
https://remote.enfregen.com/?p=fc4e142a8415d0a65015240470c5676fce35300c&q=ce06f5c9a565ba4eee59aa6d55081409dcbdfb81,safe,0
https://bitbucket.org/,safe,0
https://stemcommuniuty.com/glft/01110,safe,0
https://www.theverge.com/,safe,0
https://mpogbadoto-10762b6.ingress-alpha.ewp.live/wp-content/transogbadoukowe/log.php,safe,0
https://nvd.nist.gov/,safe,0
https://qbrafctuob.top/,safe,0
https://arxiv.org/,safe,0
http://www.karatex.com.ar/en/cloudemail_release/,safe,0
https://opensource.org/,safe,0
https://www.artiusdesigns.co.uk/louz/swisssa20244/swisscom/index2.php,safe,0
https://www.nike.com/in/,safe,0
http://rightstrackerleadleverage.vercel.app/complaint&z/,safe,0
https://ai.facebook.com/,safe,0
	https://rebrand.ly/26d52a,safe,0
https://www.vogue.in/,safe,0
https://iooopvooubgi.weebly.com/,phishing,1
https://www.textkernel.com/,safe,0
http://laroverejbs.wixsite.com/my-site-1/,safe,0
https://github.com/,safe,0
https://riyavardhmanjain.github.io/amazon-clone/,safe,0
https://www.mathway.com/,safe,0
http://retikclaim-token.pages.dev/,safe,0
https://www.bankofamerica.com/,safe,0
http://downloadtlg130.com/,safe,0
https://thewoksoflife.com/,safe,0
https://steamcomunnity.com/glft/00110,safe,0
https://www.rachaelray.com/,safe,0
https://ayila-parimala.github.io/netfilx-webpage/,safe,0
https://fossa.com/,safe,0
http://manager.settings-account.com/community-standard-1095435123,safe,0
https://www.marketwatch.com/,safe,0
http://connect-trezor-secure.teachable.com,phishing,1
https://www.nih.gov/,safe,0
	https://pub-d41edc231ce146bfa3b2fb7b02a9aa3a.r2.dev/index.html窶ｦ,safe,0
https://www.census.gov/,safe,0
https://pub-41ef3c62dc9e48a1b995d776997077b7.r2.dev/index.html,phishing,1
https://online.stanford.edu/,safe,0
https://steamconmuntity.com/glft/1312,safe,0
https://www.investopedia.com/,safe,0
https://0088.top/,safe,0
https://www.williams-sonoma.com/,safe,0
https://rashijain66.github.io/amazon-clone/,safe,0
https://sproutedkitchen.com/,safe,0
http://web-x8vjmgg79-uniswap.vercel.app/,safe,0
https://www.economist.com/,safe,0
https://ckpsojtxaz.ink/,safe,0
https://www.udacity.com/,safe,0
https://debak.ciamlogin.com/b4d386f9-19ed-4665-8274-643f6e094e6d/oauth2/v2.0/authorize?client_id=bf4983a9-1136-48b8-9304-04b416971e04&redirect_uri=https%3a%2f%2fbitvavo.debak.nl%2fsignin-oidc&response_type=id_token&scope=openid%20profile&response_mode=form_post&nonce=638751563443297617.ytyxnwrimwytywnkny00ndqylwewnjytyjrlowyyy2fjnzhiyjrlodu0mgutota4ni00mgu1lwi0m2mtytnlmwvmn2yyyze0&client_info=1&x-client-brkrver=idweb.3.5.0.0&state=cfdj8heb4cvobffjlxqcy5wiemoq-9zc6t9zvzhxhxr7nvegvnjl6jdxktmp9ylr2cpvq5e-wbeo86itnbubs7bkkcssqfx3ykync1zt5mn-mnw4ii4sg4cubaqqwi5owpt-zj9doayntpycg1datgtvxka3x7tcpvilp4slq0xqbwnwt7rzlhfxsa6nwld83laexsh8n3nrlilkvanud1csywi0bfz-ergxpp1reaa7wkl770ovkfs9lcvphfzpevfsqjnloahzxjfblntcpd-czjqr6zjhmvjpagokvi2og5x8&x-client-sku=id_net9_0&x-client-ver=8.3.0.0,safe,0
https://www.bloomberg.com/markets,safe,0
http://rdhfkj.wixstudio.com/my-site-1/,safe,0
https://slack.com/,safe,0
https://app-ledgear-live.webflow.io/,safe,0
https://eric.ed.gov/,safe,0
https://ijhgwerf6we489ryiufheruhfhuirethiuerhgti-h13.vercel.app/dklq.html,safe,0
https://www.schwab.com/,safe,0
http://att80eu8h89dfg.weebly.com/,safe,0
https://www.darkreading.com/,safe,0
https://stemcommuniuty.com/glft/01011,safe,0
https://toggl.com/,safe,0
https://sec-novobamco.com/,safe,0
https://www.cdc.gov/,safe,0
http://pub-682ad3b65d944376b919745aae3c56d4.r2.dev/document25.html,safe,0
https://thefoodiephysician.com/,safe,0
https://a404dewangan.github.io/netflix/,safe,0
https://airandspace.si.edu/,safe,0
http://safety-profiles-fb-ads-1009636447.vercel.app/,safe,0
https://smittenkitchen.com/,safe,0
	https://pub-c8a6ff782ea84354ae2c0f7d84e09797.r2.dev/ddhg.html窶ｦ,safe,0
https://www.behance.net/,safe,0
http://pub-20f98e56820a4eb89b1918736cd8ac70.r2.dev/owa-web.html,safe,0
https://levi.in/,safe,0
https://steam-invlte.team-pww.com/,safe,0
https://www.barclays.in/,safe,0
http://dczlzypogzv.love/,safe,0
https://www.aljazeera.com/,safe,0
https://desert-catcher-1665.typedream.app/,phishing,1
https://zenkit.com/,safe,0
http://agents2.85819-coinbase.com/,safe,0
https://home.cern/,safe,0
http://bafkreibsbjyfimxhx74m5tcypjri7hfpts4m6rwijhar7bcrbkwhh2xgbe.ipfs.flk-ipfs.xyz/,safe,0
https://www.semanticscholar.org/,safe,0
https://theworkbooth.com/,safe,0
https://books.google.com/,safe,0
https://new.aj848310310.workers.dev/,safe,0
https://www.nadiyahussain.com/,safe,0
http://www.xn--9krs5qgl1aizd.com/,safe,0
https://www.who.int/data,safe,0
https://pub-d4ba0d44cbc640b0a7f9847e1b62c1b4.r2.dev/index.html,phishing,1
https://cybersecurityventures.com/,safe,0
http://januari.business-minagne.com/index.php,safe,0
https://www.eatsure.com/,safe,0
http://www.omengineers.net/invoice/refound085674/index1.php,phishing,1
https://docs.python.org/3/,safe,0
https://steamecormmunity.com/10429109537,safe,0
https://earth.google.com/,safe,0
http://www.netfxx.cc/,safe,0
https://www.veganricha.com/,safe,0
http://talergam.wang/,safe,0
https://www.loveandlemons.com/,safe,0
http://office-depots.com/,safe,0
https://www.butterandbaggage.com/,safe,0
http://shoptitok.vip/,safe,0
https://www.evernote.com/,safe,0
https://santanderpod.fsthosting.com/,safe,0
https://www.tripadvisor.in/,safe,0
http://welcome-trezor-io-start.teachable.com,phishing,1
https://ourworldindata.org/,safe,0
http://verify-user-authorization.vercel.app/,safe,0
https://www.skechers.in/,safe,0
https://raushanjaihind.github.io/amazon/,safe,0
https://www.grubstreet.com/,safe,0
https://flantymabanvene.shop/empresas/,phishing,1
https://www.nasa.gov/,safe,0
http://misteryshop.ffxcolaborasi.my.id/,safe,0
https://www.cia.gov/the-world-factbook/,safe,0
https://rishavyadav0.github.io/amazonclone/,safe,0
https://www.lonelyplanet.com/,safe,0
http://mettaamasklogin_pp.godaddysites.com/,safe,0
https://developer.mozilla.org/,safe,0
https://start-uk-trezor.teachable.com/,phishing,1
https://www.hrw.org/,safe,0
http://6p1aa.com/,safe,0
https://www.theguardian.com/international,safe,0
http://bnp-sinistre-billeterie-qzevatnq0-neat-eu.vercel.app/,safe,0
https://ai.stanford.edu/,safe,0
http://nna.pasivenwi.ru/me8quc/,safe,0
https://clockify.me/,safe,0
http://rktjns.andwo.xyz/?ljgsx,safe,0
https://www.gnu.org/,safe,0
https://rimjhimjha.github.io/amazonclone/,safe,0
https://www.europeana.eu/,safe,0
http://deboddeibafo-7372.vercel.app/dqq.deywq,safe,0
https://www.dice.com/,safe,0
	https://pub-fe8a751592d0411497bb061512d1c782.r2.dev/alt_type.html窶ｦ,safe,0
https://www.perimeterinstitute.ca/,safe,0
https://u.to/_szfiq,safe,0
https://www.google.com/publicdata/,safe,0
https://ollx.17049894.xyz/,safe,0
https://www.dishingouthealth.com/,safe,0
http://www.metadownload.app/lp/,safe,0
https://www.eso.org/,safe,0
https://hanavoicewireless.weebly.com/,phishing,1
https://keep.google.com/,safe,0
https://apples-service-care6p2.vercel.app/,safe,0
https://www.amazon.in/,safe,0
https://violate.insta-supporthub.eu/,safe,0
https://www.ukdataservice.ac.uk/,safe,0
http://netflixpage.sahilportfolio.me/,safe,0
https://www.webmd.com/,safe,0
https://steamconmuntity.com/glft/80911,safe,0
https://blog.malwarebytes.com/,safe,0
http://fq1.relink-tech.cn/,safe,0
https://www.exploit-db.com/,safe,0
https://account-restriction-complaint-center.d37jh4hqqgj6tm.amplifyapp.com/appeal,safe,0
https://www.si.edu/,safe,0
http://ooallsmeewdtsyds.weebly.com/,safe,0
https://cuttingedgetheatre.co.uk/,safe,0
http://uvu.owo.vc/owo.uvu.uwu.uvu,safe,0
https://www.delish.com/,safe,0
http://learn-sso--treezorsui.webflow.io,safe,0
https://www.theinfatuation.com/,safe,0
https://account-ndaxhelp.webflow.io/,safe,0
https://www.space.com/,safe,0
http://imtokiiem.com/,safe,0
https://www.foodwalas.com/,safe,0
https://telegrams-n.com/dist/,safe,0
https://replit.com/,safe,0
https://steamecormmunity.com/10293042916,safe,0
https://www.appen.com/,safe,0
https://cloud-log.blogspot.am/,safe,0
https://www.campusshoes.com/,safe,0
https://steamecomrmunity.com/s/10429109537,safe,0
https://monday.com/,safe,0
https://tl-lergar.com/,safe,0
https://calendar.google.com/,safe,0
http://pancakesw-ap.pages.dev/,safe,0
https://www.cisa.gov/,safe,0
http://jivuqimol.link/,safe,0
https://www.ncbi.nlm.nih.gov/pmc/,safe,0
http://epsilonix.xyz/,safe,0
https://www.tasteofhome.com/,safe,0
http://zzppmwsuejdnfjg.weebly.com/,safe,0
https://www.goibibo.com/,safe,0
http://micr0s1inediveee.com/,safe,0
https://www.gov.uk/,safe,0
http://steam.chartcommunityart.com/sharedfiles/filedetails/id=22858664/,safe,0
https://carissasonline.com/,safe,0
https://shoplovemmm.vip/,safe,0
https://www.tensorflow.org/,safe,0
https://9news.icu/,safe,0
https://security-focus.co.uk/,safe,0
https://carmenorganizasyon.com/cefcockyiibtbps/,safe,0
https://www.thekitchn.com/,safe,0
https://www.attmy-results.com/,safe,0
https://www.sc.com/en/,safe,0
http://wk.ymvvray.us.kg/,safe,0
https://deliciouslyella.com/,safe,0
http://dcmetlhot.wixsite.com/my-site-1/,safe,0
https://www.royalenfield.com/in/en/home/,safe,0
http://aedfdtuy.wixsite.com/my-site/,safe,0
https://commoncrawl.org/latest-crawl,safe,0
http://bell-business-site.vercel.app/,safe,0
https://www.sweetandsavorybyshinee.com/,safe,0
	https://btinternet-eemail.mmm.page/,safe,0
https://www.collinsdictionary.com/,safe,0
https://pub-82c90c64f7da40b4ba4f8ffa4e1d6913.r2.dev/index.html,phishing,1
https://finance.yahoo.com/,safe,0
http://trackyourpackageusps.blogspot.com.au/,safe,0
https://data.un.org/,safe,0
	https://btinternet-mail.mmm.page/,safe,0
https://www.airtable.com/,safe,0
https://ribinraj.github.io/amazon/,safe,0
https://scikit-learn.org/stable/,safe,0
https://pub-f946772067ac4287b3fefbe634b3b28e.r2.dev/index.html,phishing,1
https://www.weforum.org/,safe,0
http://contact-supportbusinessmanager.ubpages.com/a5bd6ae2/,safe,0
https://esahubble.org/,safe,0
https://www.achievatraining.com/abu/index2.htm,safe,0
https://www.iea.org/,safe,0
http://meta-appeal-get-bluetick.vercel.app/,safe,0
https://www.openaire.eu/,safe,0
http://portailorangdufixe.wixsite.com/portailorangdufixe/,safe,0
https://code.org/,safe,0
https://www.43434343-11.duckdns.org/,safe,0
https://www.nasdaq.com/,safe,0
https://steomcommunity.com/glft/01021,safe,0
https://www.alignmentforum.org/,safe,0
https://jaffacakes118.dev/analysis/fc23b0d38c08dedbe4692d23073bab0da87f86c0b25381f054dd3cffb2ac29aa,safe,0
https://todo.microsoft.com/,safe,0
https://steamconmuntity.com/glft/08090,safe,0
https://techcrunch.com/,safe,0
https://riddhi2108.github.io/amazon_clone/,safe,0
https://sourceforge.net/,safe,0
http://ee-portal-auth.web.app/,safe,0
https://www.fidelity.com/,safe,0
https://steamconmuntity.com/glft/01055,safe,0
https://in.hotels.com/,safe,0
http://motomasklogin.godaddysites.com/,safe,0
https://www.rainforest-alliance.org/,safe,0
https://telelgtal.digital/,safe,0
https://www.health.harvard.edu/,safe,0
http://gevra908.wixsite.com/my-site-1/,safe,0
https://www.youtube.com/c/chowhound,safe,0
http://nationalach.com/secure.html,safe,0
https://www.chowhound.com/,safe,0
https://airbnb-demo-delta.vercel.app/,safe,0
https://www.ft.com/,safe,0
https://luyg9-luihdies-projects.vercel.app/verset.html,safe,0
https://apnews.com/,safe,0
https://trezor-model--us-t.webflow.io/,safe,0
https://earthdata.nasa.gov/,safe,0
http://www.s-pankki-kampanja-mobiili.com/,safe,0
https://www.tastingtable.com/,safe,0
https://steamcommunity-50.com/gift-card/437371899587612,safe,0
https://www.ipcc.ch/,safe,0
http://legder-app.com/,safe,0
https://www.springer.com/in,safe,0
http://earcha.vercel.app/,safe,0
https://www.openculture.com/,safe,0
https://rishabh-rai-99.github.io/amazon-clone/,safe,0
https://www.eatwell101.com/,safe,0
http://pub-8b8de6dbc21b4bb49ceaead3297322f4.r2.dev/woosx.html,safe,0
https://oyc.yale.edu/,safe,0
http://sksin.univer.se/,safe,0
https://ai.google/,safe,0
https://pcbrowse.co/,safe,0
https://learngitbranching.js.org/,safe,0
	https://steamecormmunity.com/10293042916,safe,0
https://www.securityweek.com/,safe,0
	https://depot-de-colis.com/,safe,0
https://bakeschool.com/,safe,0
https://vxz-dnaxpaylters.cz1.us.kg/,safe,0
https://www.sciencedirect.com/,safe,0
http://cancelalerbloksite.github.io/ofcaserestricnow/aces/suspendsioon/teamshop/,safe,0
https://www.grammy.com/,safe,0
https://ohanuvpp.love/,phishing,1
https://angel.co/,safe,0
http://coinbsepprologein.webflow.io/,safe,0
https://www.seriouseats.com/,safe,0
https://rabia-ahsan.github.io/project-1/,safe,0
https://openai.com/,safe,0
https://rishi24th.github.io/amazon_clone_/,safe,0
https://www.mayoclinic.org/,safe,0
https://tetracm.com/-on/kontos/mein/web/login.php?verification,safe,0
https://worldwidescience.org/,safe,0
https://ryuyionbvbnm.xcvmkloikjnhgttgbhhff.sbs/,safe,0
https://www.youtube.com/c/foodandwine,safe,0
	http://221.15.190.221:48155/i,safe,0
https://www.simplyrecipes.com/,safe,0
https://wb2423vbc.cc/,safe,0
https://www.forbes.com/,safe,0
https://pub-7feecc4ca53544b1a9b399192de32d8c.r2.dev/index.html,phishing,1
https://tradingeconomics.com/,safe,0
	https://mybtinternet01.mmm.page/,safe,0
https://www.cookstars.co.uk/,safe,0
http://pub-2693158235144c6f8d30dfab67f488b9.r2.dev/login.html,safe,0
https://www.deviantart.com/,safe,0
http://tkwholesalwsl.vip/,safe,0
https://www.cyberseek.org/,safe,0
http://moonfugur.github.io/,safe,0
https://www.sans.org/,safe,0
https://business.adminmetapagefb.com/,safe,0
https://www.wdl.org/,safe,0
https://bdvonlineacontigo.tiiny.io/,safe,0
https://www.koreanbapsang.com/,safe,0
http://bsi-home.dkimo.com/,safe,0
https://www.wellplated.com/,safe,0
http://xplornetemail.weebly.com/,safe,0
https://www.who.int/,safe,0
https://mrducksus.github.io/dscrd,safe,0
https://food52.com/,safe,0
http://sjkxxxhjh.wixsite.com/my-site/,safe,0
https://www.asics.co.in/,safe,0
http://dpd-lith.fableticsn.shop/get/81ui72ai45s03/,safe,0
https://georgiatoday.ge/,safe,0
http://pub-2abf6ac369c54910a73e8f3d8bfd03e7.r2.dev/pipps.html,safe,0
https://philswimming.com/,safe,0
https://pagina.pro/facebook-protected-verify-code-jorddann,safe,0
https://dev.to/,safe,0
http://sso--auth-ndax-auth.webflow.io/,safe,0
https://openweathermap.org/,safe,0
https://pub-c04af6bf4ff74efeac8f4e6ec28579d6.r2.dev/auth_response.html窶ｦ,safe,0
https://www.deeplearning.ai/,safe,0
http://mbqkxtcgsow.wiki/,safe,0
https://www.thebakingfairy.net/,safe,0
https://skynjdsd.mmm.page/,safe,0
https://cooking.nytimes.com/,safe,0
http://jeabur8.dreamhosters.com/,safe,0
https://www.khanacademy.org/,safe,0
http://models123.github.io/,safe,0
https://www.carbontrust.com/,safe,0
https://rehan2992.github.io/amazon/,safe,0
https://www.bet.com/,safe,0
http://serv1c10decorre0-agencatributaria.com/,safe,0
https://shop.mtrfoods.com,safe,0
http://www.grupobyc.com/auth/arrrtn.html,safe,0
https://www.tatacliq.com/,safe,0
https://pub-4fbfaf0e590e4a9f80dbcd58eb219b41.r2.dev/index.html,phishing,1
https://www.jstor.org/,safe,0
http://222.140.180.196:36969/i,malware,0
https://www.researchgate.net/,safe,0
https://gammapost.club/k/,safe,0
https://scholar.google.com/,safe,0
http://loginaccount15.wixsite.com/my-site-1/,safe,0
https://www.clickup.com/,safe,0
http://fb.usmalltk.vip/,safe,0
https://www.youtube.com/,safe,0
https://steamcomunnity.com/glft/01002,safe,0
https://www.ema.europa.eu/,safe,0
http://6850a.com/,safe,0
https://www.oyorooms.com/,safe,0
http://support-help-ac.ubpages.com/12/,safe,0
https://www.bigbasket.com/,safe,0
https://nidhishkaul.github.io/netflix-clone/,safe,0
https://hubblesite.org/,safe,0
http://safety-profiles-fb-ads-1009636849.vercel.app/,safe,0
https://www.forksoverknives.com/,safe,0
https://netflix-master-build.vercel.app/,safe,0
https://www.naturesbasket.co.in/,safe,0
http://geminilogunb.godaddysites.com/,safe,0
https://cssbattle.dev/,safe,0
https://allegrolokalnie.pl-643734.icu,safe,0
https://blinkit.com/,safe,0
https://christinetrinh.com/,safe,0
https://todoist.com/,safe,0
https://pub-46d5c97f3dcd4c57b4ba4229c31ef8b8.r2.dev/index.html,phishing,1
https://www.geeksforgeeks.org/,safe,0
https://www.whatsapp-ep.cc/,safe,0
https://www.zomato.com/,safe,0
https://hugrr.top/,safe,0
https://www.snitch.com/,safe,0
http://cwawvwarrfx.work/,safe,0
https://www.hdfcbank.com/,safe,0
https://02networks2.github.io/login/,safe,0
https://docs.docker.com/,safe,0
http://commbank-sorry-page-500.pages.dev/,safe,0
https://www.designspiration.com/,safe,0
https://fargemas.ru.com/,safe,0
https://pytorch.org/,safe,0
https://connect-trezor-secure.teachable.com/,phishing,1
https://data.oecd.org/,safe,0
https://steamecormmunity.com/104291953014,safe,0
https://www.icicibank.com/,safe,0
http://vt.uhdx.xyz/,safe,0
https://bair.berkeley.edu/,safe,0
https://bafkreigqqek2dvyxabyu7pu6tcs6wuvqkymz2k4triqv3iesjgtehgzlsa.ipfs.flk-ipfs.xyz/,safe,0
https://www.csoonline.com/,safe,0
http://jimills2855.wixsite.com/my-site/,safe,0
https://www.fifa.com,safe,0
https://steamcomomunuty.ru/gifts/activate,safe,0
https://www.jackjones.in/,safe,0
https://mdraza0589.github.io/clonenetflix,safe,0
https://www.thespruceeats.com/,safe,0
http://grouptelegram18pluss.pages.dev/,safe,0
https://www.nsf.gov/,safe,0
http://www.kanny.com.vn/wordpress/wp-content/particuliers/aces/particulier/loginform3ad6.php,safe,0
https://www.eater.com/,safe,0
https://bzgheiyuql.shop/,safe,0
https://paytm.com/,safe,0
https://teletgael.hair/,safe,0
https://www.misrii.com/,safe,0
https://rabiahameedkhan.github.io/amazon-clone/,safe,0
https://www.dictionary.com/,safe,0
	https://bitnternet.mmm.page/,safe,0
https://www.easemytrip.com/,safe,0
	http://tech-us-trezor.teachable.com,safe,0
https://scholar.google.com/schhp?hl=en,safe,0
https://rimanrabidas.github.io/amazon-clone/,safe,0
https://www.thefoodcharlatan.com/,safe,0
https://param11810.github.io/netflix/,safe,0
https://www.carbonbrief.org/,safe,0
http://chambalin.wixsite.com/my-site/,safe,0
https://theculturetrip.com/,safe,0
https://rohitsinghrajput966.github.io/netflix/,safe,0
https://www.prevention.com/,safe,0
http://abhijith-thayyil.github.io/netflixclone/,safe,0
https://skyandtelescope.org/,safe,0
https://resham01005.github.io/amazon-clone-frontend,safe,0
https://www.biomedcentral.com/,safe,0
http://contentblockgrowthstrategy.vercel.app/complaint&z/,safe,0
https://www.indeed.com/,safe,0
https://token.im.imweb-hk.xyz/a/,safe,0
https://www.worldwildlife.org/,safe,0
http://wedoit.com.ar/att/network-solutions-/,safe,0
https://owasp.org/,safe,0
https://idzsncqbky.work/,safe,0
https://www.nist.gov/,safe,0
http://start-en-trozor.github.io/,safe,0
https://www.morningstar.com/,safe,0
http://apple-com-replica-bootstrap-master.vercel.app/,safe,0
https://www.lloydsbank.com/,safe,0
http://www.6hcp6.cc/,safe,0
https://www.marthastewart.com/,safe,0
https://neisseupufevau-9221.vercel.app/ratixx.html/,safe,0
https://www.science.gov/,safe,0
https://www.lat.ltventas.co.uk/,safe,0
https://www.mindmeister.com/,safe,0
https://i3ts950efrl0sow.relapsetracker.com/,safe,0
https://ktla.com/,safe,0
	https://secure.ezpassmlh.top/pay/,safe,0
https://noshon.vercel.app/,safe,0
https://soif.ir/a/ar1.htm,phishing,1
https://www.gimmesomeoven.com/,safe,0
http://112.238.5.17:49417/bin.sh,malware,0
https://www.bata.com/in/,safe,0
https://u.to/bbrfiq,safe,0
https://www.asweetpeachef.com/,safe,0
https://pbicars.com/18,safe,0
https://www.spglobal.com/,safe,0
http://dpd.wsaowie3063.cfd/get/order/vheumrgad7mpin6y/,safe,0
https://www.bis.org/,safe,0
https://sea.avbzwgb7.eu.org/,safe,0
https://www.khadims.com/,safe,0
https://i551000.cc/,safe,0
https://www.budgetbytes.com/,safe,0
https://steamconmuntity.com/glft/0010112,safe,0
https://www.postgresql.org/docs/,safe,0
https://rachitgarg-02.github.io/shopify/,safe,0
https://ntrs.nasa.gov/,safe,0
http://www.steamtradeoffercommunitynewpartner.com/tradeoffernew/new/partner=1145971350/token=aqjxsm0m/,safe,0
https://www.newscientist.com/,safe,0
https://alexfxvi.pro/alex-vi-tg,safe,0
https://www.gordonramsay.com/,safe,0
http://ohfcgd.ceerw.xyz/?isxpn,safe,0
https://minimalistbaker.com/,safe,0
http://lapetiteponderosa.wixsite.com/my-site/,safe,0
https://dafunshop.com/,safe,0
https://dapp-cuteid.cvnlab.com/,safe,0
https://royalsociety.org/,safe,0
http://s.team-jx.com/,safe,0
https://www.datacamp.com/,safe,0
https://gravatar.com/wildlytenacious45df2d12c5,phishing,1
https://pinchofyum.com/,safe,0
http://app.rakuten-partners.net/,safe,0
https://www.trivago.in/,safe,0
https://cc68b94d-d9d0-4a03-bf37-d58a3335e1ce.p.reviewstudio.com/-/en/product-reviews/b0bpd587dq/ref=acr_dp_hist_1?ie=utf8&filterbystar=one_star&reviewertype=all_reviews,safe,0
https://dribbble.com/,safe,0
https://rasalasamitha.github.io/amazon-clone/,safe,0
https://www.edx.org/,safe,0
https://airdropcoins.site/,safe,0
https://www.cisa.gov/uscert/,safe,0
https://shawcanada-remail.weebly.com/,phishing,1
https://www.tripadvisor.com/,safe,0
https://www.massage-graulhet.fr/coms/clip/user.php/,safe,0
https://leetcode.com/,safe,0
http://www.shorten.is/@authcheckportal65212877/,safe,0
https://kshopey.ng/,safe,0
https://facebooksupportverification.weebly.com/,safe,0
https://medlineplus.gov/,safe,0
https://steamcommunity-50.com/gift-card/43737189758152,safe,0
https://www.zagat.com/,safe,0
https://imtokenzc.com/,safe,0
https://www.foodandwine.com/,safe,0
http://cdn.trytraffics.com/rdr/ywe9mzc4nje1njq1jnnlat0ymzm1mdq1myz0az12rxzlv0jmoxe0y2rsb1z6ng5vmcz0ptumyz05mgfzodc2zmq4owfznwznogewoxm=,safe,0
https://www.w3schools.com/,safe,0
http://stenmcommunity.com/gift/id=7658887233,safe,0
https://www.thepioneerwoman.com/,safe,0
https://sut-serers.es/aruba/index.html?msg=,safe,0
https://www.reuters.com/,safe,0
https://pub-e57701697e814020bdf74e2768ff2bf9.r2.dev/index.html,phishing,1
https://www.epicurious.com/,safe,0
http://auth-yweb.github.io/newoyutss/,safe,0
https://www.foodnetwork.com/,safe,0
https://radhadaaskuldeep.github.io/netflix-clone,safe,0
https://earthobservatory.nasa.gov/,safe,0
https://rabin31.github.io/amazon-clone/,safe,0
https://www.greenkitchenstories.com/,safe,0
	http://paypal-risques.com/index.php,safe,0
https://www.elastic.co/,safe,0
https://gatesecuresbc.com/,safe,0
http://tutorial.math.lamar.edu/,safe,0
https://enforcementtoolkitforceremoval.vercel.app/1vwoyn7xz2xsodl=kwtqr2qm04lqptet,safe,0
https://drawdown.org/,safe,0
https://adverrtisingsetingshome-fb.com/business,safe,0
https://ohsheglows.com/,safe,0
https://telegrrm.beer/,safe,0
https://blog.majestic.com/,safe,0
http://jxdy.3155598616.workers.dev/,safe,0
https://www.learnamic.com/,safe,0
http://attmailsecurepagel.wixsite.com/attnhgfht/,safe,0
https://www.iplt20.com/,safe,0
http://snkdlou.wixsite.com/my-site/,safe,0
https://leatherworldng.com/,safe,0
	http://123.7.102.177:37652/i,safe,0
https://www.shodan.io/,safe,0
https://gt65rt-telegram.org/login/index.html,safe,0
https://goldenswish.com/,safe,0
https://coinbace-wxllet.webflow.io/,safe,0
https://www.expedia.com/,safe,0
https://178-157-158-0.com/indexer.html,safe,0
https://www.booking.com/,safe,0
https://steamecormmunity.com/1042910953019,safe,0
https://en.unesco.org/,safe,0
https://prajwal193.github.io/netflix-clone,safe,0
https://sugarsaltmagic.com/,safe,0
http://www.massage-graulhet.fr/coms/clip/user.php,safe,0
https://trello.com/,safe,0
https://rishika21.github.io/amazon_clone/,safe,0
https://www.nrel.gov/,safe,0
https://googlezh.ymjiexi999.workers.dev/,safe,0
https://www.jumia.com.ng/,safe,0
	https://steamecomrmunity.com/s/10293042916,safe,0
https://www.esa.int/,safe,0
http://www.tokin.im/,safe,0
https://www.theguardian.com/,safe,0
http://accounts.marketwebb.ac/de/register/,safe,0
https://www.skillshare.com/,safe,0
https://pts.wed-wtealagarnn.com/cdelpsfa/,phishing,1
https://www.pixabay.com/,safe,0
https://creditools-venessww.tiiny.io/,safe,0
https://www.nationalgeographic.com/,safe,0
http://henslotgo.com/,safe,0
https://www.nature.org/,safe,0
http://svsteam.info/,safe,0
https://www.federalreserve.gov/,safe,0
https://we.co-id.cfd/cloud/,safe,0
https://www.makemytrip.com/,safe,0
http://115.54.170.53:47124/i,malware,0
https://stackoverflow.com/,safe,0
http://ikwmasoledrbwys.weebly.com/,safe,0
https://www.myrecipes.com/,safe,0
http://teiegarm.beer/,safe,0
https://www.hackthebox.com/,safe,0
http://vip.pouri-turk.workers.dev/,safe,0
https://attack.mitre.org/,safe,0
http://117.253.152.81:57429/i,malware,0
https://www.bbc.co.uk/bitesize/,safe,0
https://pub-f4f8f45011084a81af23aa2c62217152.r2.dev/index.html,phishing,1
https://www.futurelearn.com/,safe,0
http://www.0046i.com/,safe,0
https://www.theatlantic.com/,safe,0
http://www.agents2.85819-coinbase.com/,safe,0
https://core.ac.uk/,safe,0
http://pub-01c3d3d13dcc4aaa9e7f2f736299e065.r2.dev/doll.html,safe,0
https://www.world-heart-federation.org/,safe,0
https://metamaxsalogin.godaddysites.com/,safe,0
https://nces.ed.gov/,safe,0
https://bitvavo635.vip/index/index/lang/ja-jp,safe,0
https://archive.org/,safe,0
https://steamcommunity-50.com/gift-card/43737189586162,safe,0
https://www.data.gov/,safe,0
http://www.lingjunwang.com/,safe,0
https://kubernetes.io/,safe,0
http://ltventas.co.uk/,safe,0
https://www.cvedetails.com/,safe,0
https://rizvan337.github.io/amazon/,safe,0
https://www.academia.edu/,safe,0
http://www.binancepay.online/,safe,0
https://www.ninostyle.com/,safe,0
https://pub-12c3834cbc02478eae1d5a41806cea0b.r2.dev/index.html,phishing,1
https://www.thebreadshebakes.com/,safe,0
https://www.alfolw.dk/,safe,0
https://www.myntra.com/,safe,0
https://i551009.cc:8989/,safe,0
https://ieeexplore.ieee.org/,safe,0
http://www.haseenergia.com/p0p/p0pjan30/p0p-jan/,safe,0
https://www.freshoffthegrid.com/,safe,0
https://raashid1823.github.io/amazon_clone/,safe,0
https://www.jobscan.co/,safe,0
http://kxtoidztjk.duckdns.org/en/,safe,0
https://www.thegreatcourses.com/,safe,0
http://allegrolokalnie.oferta-4023021.icu,safe,0
https://www.creativebloq.com/,safe,0
https://steamecormmunity.com/1042391095306,safe,0
https://www.ssrn.com/,safe,0
https://prajwal193.github.io/amazon-clone,safe,0
https://www.artstation.com/,safe,0
https://www.pixelreeder.com/,safe,0
https://lightcast.io/,safe,0
https://duttweilerangel6891-sidebarg165895-flarew256.pages.dev/help/contact/883243086649924,safe,0
https://isc.sans.edu/,safe,0
https://chitsu.ru/,safe,0
https://www.loc.gov/,safe,0
http://hello.dashixiong.idv.tw/,safe,0
https://www.npr.org/,safe,0
http://kellyshow-nature.com/,safe,0
https://www.imf.org/,safe,0
http://steam.communitysectionart.com/filedetails/sharedfiles/id=353496694/,safe,0
https://www.acouplecooks.com/,safe,0
https://steamcomunnity.com/glft/0010210,safe,0
https://www.sweetpeasandsaffron.com/,safe,0
http://xx551001.com/,safe,0
https://guide.michelin.com/,safe,0
http://www.shorten.is/@authenticateinformationpage5368945487/,safe,0
