URL,threat_type
https://data.worldbank.org/,safe
http://mobildeniz2025firsatlari.duckdns.org/,safe
https://www.notion.so/,safe
http://www.avc3c.com/SharePointFileProposal/,safe
https://www.freecodecamp.org/,safe
http://www.webogram.org/z/,safe
https://www.hathitrust.org/,safe
https://pub-6ec7dc245c434057b766048a50064ade.r2.dev/home.html窶ｦ,safe
https://www.myfitnesspal.com/,safe
https://app--sso--robinhood---com.webflow.io/,safe
https://us.etrade.com/,safe
	https://pub-b26214b3a8b542bbaff0a62f68326d70.r2.dev/index.html窶ｦ,safe
https://sleekng.com/,safe
https://ahmdabubakarblog.blogspot.com/,safe
https://www.decorhubng.com/,safe
http://metmaskloginormetaask.godaddysites.com/,safe
https://www.jpl.nasa.gov/,safe
https://feempteplaternowssresertnow.weebly.com/,phishing
https://gbanjodeals.com/,safe
https://telegramhookups1.vercel.app/,safe
https://about.gitlab.com/,safe
https://commerzdegermany.com/,safe
https://www.onenote.com/,safe
http://discordgg.lwcloud.workers.dev/,safe
https://www.ck12.org/,safe
http://sso--ndax----com-auth.webflow.io/,safe
https://www.atlasobscura.com/,safe
http://xazu-bje.pages.dev/,safe
https://wwitv.com/television/237.htm,safe
http://551000q.cc/,safe
https://neemans.com/,safe
https://xn--r1a.website/s/appzakiay,safe
https://www.epa.gov/,safe
http://webde-105971.weeblysite.com/,safe
https://www.everydayhealthyrecipes.com/,safe
http://rickgunspx.github.io/ingenieriasocial/,safe
https://heimdalsecurity.com/blog/,safe
http://rsvmgmbh.at/de/raiffeisen-salzburg-versicherungsmakler/beschwerdemanagement.html,safe
https://www.wired.com/,safe
https://bennier.rest/f80f2efd53b241665fbce3f1edc1bfd0,safe
https://lidiasitaly.com/,safe
https://telegrams-u.com/dist/,safe
https://www.glassdoor.com/,safe
http://logino2.vercel.app/,safe
https://www.wikipedia.org/,safe
	https://depot-de-colis.com/index.php,safe
https://leitesculinaria.com/,safe
https://facebooks-suppost-account-cycurity.ubpages.com/checkpoint99566,safe
https://unsplash.com/,safe
https://auloswoodwind.nl/ar/ar06/other.php,safe
https://www.expedia.co.in/,safe
https://www.55100-55100tz02.vip/,safe
https://www.climate.gov/,safe
http://steamoss.com/,safe
https://www.nerdwallet.com/,safe
https://aidat-odemeleri7.com/,safe
https://www.ubereats.com/,safe
http://rebakd.pages.dev/,safe
https://pubmed.ncbi.nlm.nih.gov/,safe
http://pwokuoxa.love/,safe
https://www.virustotal.com/,safe
https://starbucks.lokrw.com/index.html?faq_spam_setln=ko,safe
https://www.investing.com/,safe
https://bexbank.com.br/_..'/xzw/,safe
https://www.hippocampus.org/,safe
https://santanderpod.globalizeme-dublin2.co.uk/adviserAuth,safe
https://www.codecademy.com/,safe
https://rishug03.github.io/amazonclone/,safe
https://www.hopkinsmedicine.org/,safe
http://pub-a066c943231842dc954dab75432c3f01.r2.dev/nwndx.html?err=cqoillihk8cjubaox7ghwoeqhtczcken8ljzh8vgjkli8jflcwit4jcnybtaqdoyrddcb6zvtdbqlu91219esrsr43jizo6bxwwboyhjig0lu0b618og1d9ucarzik9dzrnx1sgcazgazoji6jexjqjesyxwlhn3gn26vix2plgot1l9akkaluqd71ip7850v,safe
https://www.careerbuilder.com/,safe
https://teleqrma.ink/k/,safe
https://www.who.int/data/gho,safe
https://pub-1eba217d949a436d9e609858987b1255.r2.dev/set2/index.html窶ｦ,safe
https://www.topcoder.com/,safe
https://pub-8d79a88a32c64cd382eb08a2651581f9.r2.dev/index.html,phishing
https://www.politico.com/,safe
http://xgdhlj.wcuum.xyz/?fXVIg,safe
https://www.saveur.com/,safe
https://cc68b94d-d9d0-4a03-bf37-d58a3335e1ce.p.reviewstudio.com/-/en/Fischzubehoer-Aquarien/b/?ie=UTF8&node=445313031&ref_=sv_petsupplies_7,safe
https://towardsdatascience.com/,safe
https://bt-100665.weeblysite.com/,safe
https://www.bbcgoodfood.com/,safe
https://pub-a7f416e623e14f51b1de95bf076e63c9.r2.dev/index.html,phishing
https://www.rulequest.com/,safe
http://congruous-shiny-alphabet.glitch.me/public/index_boxb.html,safe
https://journals.plos.org/plosone/,safe
http://is.gd/q7ItBl,safe
https://essxnyc.com/,safe
http://btwebmailmemberinfo.weebly.com/,safe
https://www.holidify.com/,safe
https://dalatoue.com/,safe
https://www.ajio.com/,safe
http://pub-dbe302e63c364101bd3d0287f14b99e4.r2.dev/mails.html,safe
https://www.olacabs.com/,safe
https://43434343-11.duckdns.org/,safe
https://www.swiggy.com/home,safe
http://www.susongdcity.cn/,safe
https://www.bbc.com/news,safe
http://auth-yweb.github.io/mneww/,safe
https://haldiramsminutekhana.com/,safe
https://henslot-bro.com/,safe
https://jaipurgolden.in/,safe
http://storage.me-qr.com/html/3095eed3-c609-453d-8430-700d11878ad5.html,safe
https://www.sportingnews.com/in,safe
https://gasperi.eu/webcard/vendor/_/_/,safe
https://www.culinaryhill.com/,safe
http://us-gemini-logii.godaddysites.com/,safe
https://docs.github.com/,safe
http://pub-c7efe08b63e8421594b969e42f716377.r2.dev/serverdatae5cc43015815732a4d38f73eec6434e3e5cc43015815732a4d38f73eec6434e3e5cc43015815732a4d38f73eec6434e3outl00k.html,phishing
https://evernote.com/,safe
https://www.kathkuohome.com/,safe
https://ec.europa.eu/eurostat/,safe
https://www.metamask.at/,safe
https://www.cnbc.com/finance/,safe
https://radharaman-123.github.io/amazon/,safe
https://foe.org/,safe
http://1.58.167.170:34306/bin.sh,malware
https://weworkremotely.com/,safe
https://u.to/9NbeIQ,safe
https://www.britannica.com/,safe
https://digvijaydeveloper.github.io/AmazonClone/,safe
https://www.theodinproject.com/,safe
https://rishig1030.github.io/Amazon-Clone/,safe
https://www.coursera.org/,safe
https://tria.ge/250215-khyb7axmfp,safe
https://www.hackerrank.com/,safe
http://metmak-login-io.godaddysites.com/,safe
https://notability.com/,safe
https://reyyuuki.github.io/Amazon-Clone/,safe
https://www.hotstar.com/in/home?ref=%2Fin,safe
https://tragraquiziproi-6094.vercel.app/jkl.qbjae/,safe
https://asana.com/,safe
https://rahukumar108.github.io/Amazon-clone/,safe
https://my.clevelandclinic.org/,safe
http://takeactioncontentlaunch.vercel.app/complaint&z/,safe
https://whc.unesco.org/,safe
https://metamaskorlogin.godaddysites.com/,safe
https://public.wmo.int/,safe
https://messagericlients.samgoplaces.com/crdit-agricol/,safe
https://www.pinterest.com/,safe
https://pub-ca01049913b0400285bfc932dc80ed01.r2.dev/index.html窶ｦ,safe
https://klcs.org/,safe
https://dudhatdip.github.io/Amazon_clone,safe
https://www.infosecurity-magazine.com/,safe
https://akshatsonker.github.io/netflix-clone/,safe
https://www.americastestkitchen.com/,safe
http://kkk-3.pages.dev/,safe
https://devdocs.io/,safe
https://bitvavo.debak.nl/signin-oidc,safe
https://www.outsourcey.com/,safe
https://protezino-ua25.rest/689daadd2797316e601ecc1cb36e3402,safe
https://www.edf.org/,safe
https://shoplovemmm.com/,safe
https://www.rescuetime.com/,safe
http://auth-yweb.github.io/savepagess/,safe
https://www.shutterbean.com/,safe
http://ldaibkasi2.innovator.icu/,safe
https://webcast.berkeley.edu/,safe
https://www.latm.ltventas.co.uk/,safe
https://en.wiktionary.org/wiki/Wiktionary:Main_Page,safe
https://3656240617.cc/,safe
https://www.jamieoliver.com/,safe
https://telegramphoto.icu/+ira70wl34QwINxI,safe
https://www.manchester.ac.uk/,safe
https://kataresarthak.github.io/Netflix-Clone/,safe
https://online-learning.harvard.edu/,safe
https://telegrams-q.com/dist/,safe
https://www.djangoproject.com/,safe
https://pts.wed-wtaelagernn.com/thewl6-a/,phishing
https://www.ediblecommunities.com/,safe
https://bafybeiamzhqg5wctfuzsxmbwktko4qs5p4znm52drxipajrexwnk247spy.ipfs.dweb.link/,safe
https://thehackernews.com/,safe
https://www.uvd.zbz.mybluehost.me/Ws/irdnz/bnz/home.php?&mDIqiTkod7bdkogtN1aRUh6TymhzXLzJk59UrIgxm9wmSTi79oXImIelBY8erVqHSP5Zge3GNCgUhfUSZkpwRVN7jYNJVMvKlR3xmcn2AH2alx1TKqWiiuJegeOnYCh3qyodON22Kslv2lQMyAl4tciPU0xPj5tViuTmn4gFFo1WhQx7Wl5hRW9ZEszkeNNhMYiSa84z,safe
https://www.cookingchanneltv.com/,safe
https://registrosolicitudpersonalinterclientes.xyz/,safe
https://www.unep.org/,safe
http://bluish-pear-lj7gn3.mystrikingly.com/,safe
https://www.cfa.harvard.edu/,safe
http://safety-profiles-fb-ads-156388343.vercel.app/,safe
https://www.wnba.com/,safe
http://webmail-townisp-com.netlify.app/,safe
https://www.verywellmind.com/,safe
http://mhdfizdp.top/,safe
https://wholefully.com/,safe
http://vc.uomg.xyz/,safe
https://www.skyscanner.co.in/,safe
http://walletconnnect-deeplink-prompt-issue.vercel.app/,safe
https://pomodoneapp.com/,safe
https://pub-1fceb155743745458cfafc4c80d12cb4.r2.dev/index.html,phishing
https://www.youtube.com/user/bonappetitdotcom,safe
https://pub-e8aebc8464e041ae8c35892c1733f68b.r2.dev/QW87FFG6GGSDFERHR7窶ｦ,safe
https://www.fast.ai/,safe
http://axisbankolympuscreditcard.poshvine.com/,safe
https://dictionary.cambridge.org/,safe
https://teleltgla.business/,safe
https://dp.la/,safe
https://deepak2005-creator.github.io/netflixclone,safe
https://ai.googleblog.com/,safe
http://paypal-risques.com/,phishing
https://www.robinhood.com/,safe
http://safety-profiles-fb-ads-1009636842.vercel.app/,safe
https://data.nasa.gov/,safe
https://pub-54f10b2069bc4d7d830c4f30f712756d.r2.dev/index.html,phishing
https://tastesbetterfromscratch.com/,safe
http://account-restriction-complaint-center.d37jh4hqqgj6tm.amplifyapp.com/appeal-form.html,safe
https://www.fool.com/,safe
http://anitalh8.wixsite.com/my-site/,safe
https://www.howsweeteats.com/,safe
https://www.mobildeniz2025firsatlari.duckdns.org/,safe
https://savannah.gnu.org/,safe
http://s54rew.pages.dev/,safe
https://academicearth.org/,safe
https://ee-portal-info.web.app/,phishing
https://www.heart.org/,safe
http://www.is.gd/zCy6TG/,safe
https://packetstormsecurity.com/,safe
http://trackyourpackageusps.blogspot.co.nz/,safe
https://securityledger.com/,safe
https://smackapp.com/grp01.id.rakuten.co.jp/jp/f2e4c650367272a0d31739c68ed4c2f1/,safe
https://www.moviesite.co.za/,safe
https://icalac.org/didk/gspro/,safe
https://www.justdial.com/,safe
http://mitamskmask_lgoinm.godaddysites.com/,safe
https://www.openstreetmap.org/,safe
http://managaespcommunity.pages.dev/,safe
https://valkyries.wnba.com/,safe
http://117.235.101.187:52424/bin.sh,malware
https://www.thecookierookie.com/,safe
http://at-t-yahoo-5a8c76.webflow.io/,safe
https://www.healthline.com/,safe
https://rishiv1000.github.io/Amazon-Frontend-Clone/,safe
https://www.accessbankplc.com/,safe
http://meztamhask-lowgin.gitbook.io/,safe
https://www.youtube.com/c/TheKitchn,safe
http://ioepge.wdaww.xyz/?otKCy,safe
https://www.nist.gov/cyberframework,safe
https://worker-doc.wyfile-doc.workers.dev/,safe
https://cybersecurityventures.com/blog/,safe
	http://start-uk-trezor.teachable.com,safe
https://threatpost.com/,safe
https://cklawemail.softwareupdates.cc/?rid=JM5yCwX,safe
https://www.agoda.com/,safe
http://www.flow.page/aae49fdbb56ac08234640b3666/,safe
https://www.brilliant.org/,safe
https://rrpgcerkeo.wiki/,safe
https://css-tricks.com/,safe
http://metau-maasck-loogiin.godaddysites.com/,safe
https://www.halfbakedharvest.com/,safe
https://aktfkanxdnapaylterz.cz1.us.kg/,safe
https://www.birmingham.ac.uk/,safe
http://bafkreihnhp7eafhn6xv7j36tz37lwphgcqzuvprul3kwxk2dsvs555zr5q.ipfs.flk-ipfs.xyz/,safe
https://www.pexels.com/,safe
https://pub-158a4ab7ad6e43209750eddbe930bddd.r2.dev/index.html,phishing
https://www.codewars.com/,safe
https://pub-cfba3e7d81b847b69459eff833c37fd5.r2.dev/index.html,phishing
https://www.wri.org/,safe
http://uvd.zbz.mybluehost.me/Ws/irdnz/bnz/home.php?&mDIqiTkod7bdkogtN1aRUh6TymhzXLzJk59UrIgxm9wmSTi79oXImIelBY8erVqHSP5Zge3GNCgUhfUSZkpwRVN7jYNJVMvKlR3xmcn2AH2alx1TKqWiiuJegeOnYCh3qyodON22Kslv2lQMyAl4tciPU0xPj5tViuTmn4gFFo1WhQx7Wl5hRW9ZEszkeNNhMYiSa84z,safe
https://www.bugcrowd.com/,safe
https://steamecomrmunity.com/s/104291953014,safe
https://www.deepmind.com/,safe
https://stemcommuniuty.com/glft/001002,safe
https://gamefaqs.gamespot.com/gba/914608-dragon-ball-z-the-legacy-of-goku-ii/faqs,safe
https://shoptitok.org/,safe
https://www.indiamart.com/,safe
https://cevoureigremmei-4382.vercel.app/mixcc.html,safe
https://www.themediterraneandish.com/,safe
http://complianceviolationengagehub.vercel.app/complaint&z/,safe
https://www.apache.org/,safe
https://mahalakshmisl.github.io/Netflix,safe
https://www.csail.mit.edu/,safe
https://srteamcommunity.com/tradeffer/new/parter312279966634509049rokenY88Nwi5/,safe
https://www.seti.org/,safe
http://www.cciexquant.com/,safe
https://threatvector.cylance.com/,safe
http://s0.fsoall.ir/macos/,safe
https://www.healthyseasonalrecipes.com/,safe
https://rishisurya9.github.io/clone-website/,safe
https://www.smashingmagazine.com/,safe
https://tl-larger.com/,safe
https://nodejs.org/en/,safe
http://djduejd.wixsite.com/my-site-1/,safe
https://www.bonappetit.com/,safe
https://deviparvathimanyam.github.io/Netflix/,safe
https://hired.com/,safe
http://storetknow.com/,safe
https://codepen.io/,safe
	https://pub-d67d49f5f3124f6c9536efa112a0bba2.r2.dev/index.html窶ｦ,safe
https://www.sterkinekor.com/,safe
http://pmnbzx.com/,safe
https://pandas.pydata.org/docs/,safe
https://rishavkumar8876.github.io/Amazon-clone/,safe
https://www.nps.gov/,safe
https://pemulihan-akun-dana-co-id.sfcs.web.id/,safe
https://www.greenpeace.org/,safe
https://j2m2wb6ewxfmxyvaufuh9n2gotk8po.pages.dev/smart89/,safe
https://www.homemadebycarmona.com/,safe
https://ok3002.top/jcbqa/,safe
https://www.tryhackme.com/,safe
https://shorten.so/@ozk0g?verify_account,safe
https://www.ikea.com/in/en/,safe
http://ipfs.io/ipns/k51qzi5uqu5dix28f7p9inw84plci83yinh4cjfqeb11cb4e775xx2xim9b4tw,safe
https://mars.nasa.gov/,safe
https://kunaljambhale06.github.io/Frontend-Practise,safe
https://kara.com.ng/,safe
http://pub-daaf0f3c335c477184cc201bdc5b89b3.r2.dev/bgtcxz.html,safe
https://www.kaggle.com/,safe
http://netflix-gpt-gray-sigma.vercel.app/,safe
https://www.ricksteves.com/,safe
	https://btlateststart.mmm.page/,safe
https://www.spoonforkbacon.com/,safe
http://shawn1allen.github.io/Netflix-Clone/,safe
https://www.scientificamerican.com/,safe
http://jaya-29.github.io/Netflix-website/,safe
https://ocw.mit.edu/,safe
https://updtepoliyupdate.weebly.com/,phishing
https://www.eatyourselfskinny.com/,safe
https://warayana.com.pe/publicaciones/2024/02/29/soltero-feliz-o-soltero-desolado/,safe
https://www.justonecookbook.com/,safe
https://account-ndax-x.webflow.io/,safe
https://www.merriam-webster.com/,safe
https://codingkeguru.github.io/netflix-clone-website/,safe
https://www.vanguard.com/,safe
http://www.598159.com/,safe
https://ed.ted.com/,safe
http://stenmcommunity.com/gift/id=5947221648,safe
https://alison.com/,safe
http://pub-30cc7b882cd84be187266469e2449f33.r2.dev/masaaaa.html,safe
https://www.adidas.co.in/,safe
	https://qrco.de/bfkBOl1?pageuser=jXjpj,safe
https://www.terraform.io/,safe
https://steomcommunity.com/glft/001021,safe
https://www.rust-lang.org/,safe
https://allegrolokalnie.oferta825282.cyou/?id=0eOkoI7aa8mNFKbgJ9M7N32b2KEE5N,safe
https://doaj.org/,safe
http://a.3656vip6.com/,safe
https://evernote.com/webclipper,safe
http://pub-83613dff059841488aff95e9418d3fdf.r2.dev/edujunk.html,safe
https://wutarick.com/,safe
http://home-104837.weeblysite.com/,safe
https://www.washingtonpost.com/,safe
https://erfolgxr.com/,safe
https://www.zoom.com/,safe
https://www.bank-sco.vercel.app/,safe
https://cookieandkate.com/,safe
https://airbnb-clone-rose.vercel.app/,safe
https://www.artsy.net/,safe
https://tech-us-trezor.teachable.com/,phishing
https://www.fontsquirrel.com/,safe
https://5510006.net:8989/,safe
https://www.aldoshoes.in/,safe
https://axynus.github.io/InstaReel,safe
https://alexandracooks.com/,safe
https://manage-support-centers.top/abc,safe
https://www.gutenberg.org/,safe
https://paulding-736eb.firebaseapp.com/,phishing
https://www.skyscanner.com/,safe
https://8hzq1.com/,safe
https://www.worldbank.org/,safe
https://cc68b94d-d9d0-4a03-bf37-d58a3335e1ce.p.reviewstudio.com/-/en/Amazon-Geschenkgutscheine-Gutschein-Geschenkkarte-Gru%C3%9Fkarte-Geburtstag-Ostern-Weihnachten-Aufladen/b/?ie=UTF8&node=1571256031&ref_=nav_cs_gc,safe
https://www.sec.gov/edgar.shtml,safe
http://www.smobilliilaafipnkki.com/,safe
https://www.linkedin.com/learning/,safe
http://syedhabibahmadg.github.io/netflix-clone-project/,safe
https://www.cookinglight.com/,safe
https://raja913239.github.io/AmazonClone/,safe
https://www.allrecipes.com/,safe
http://wvkbmcldrszjp.ink/,safe
https://baccabucci.com/,safe
https://bihlpwyudhgafsdkondojn.weeblysite.com/窶ｦ,safe
https://cookpad.com/,safe
http://twqmmy.com/,safe
https://americacomesalive.com/,safe
http://timur-opt.online/,safe
https://www.flipkart.com/,safe
https://remote.enfregen.com/?p=fc4e142a8415d0a65015240470c5676fce35300c&q=ce06f5c9a565ba4eee59aa6d55081409dcbdfb81,safe
https://bitbucket.org/,safe
https://stemcommuniuty.com/glft/01110,safe
https://www.theverge.com/,safe
https://mpogbadoto-10762b6.ingress-alpha.ewp.live/wp-content/transogbadoukowe/log.php,safe
https://nvd.nist.gov/,safe
https://qbrafctuob.top/,safe
https://arxiv.org/,safe
http://www.karatex.com.ar/en/cloudemail_release/,safe
https://opensource.org/,safe
https://www.artiusdesigns.co.uk/louz/swisssa20244/swisscom/index2.php,safe
https://www.nike.com/in/,safe
http://rightstrackerleadleverage.vercel.app/complaint&z/,safe
https://ai.facebook.com/,safe
	https://rebrand.ly/26d52a,safe
https://www.vogue.in/,safe
https://iooopvooubgi.weebly.com/,phishing
https://www.textkernel.com/,safe
http://laroverejbs.wixsite.com/my-site-1/,safe
https://github.com/,safe
https://riyavardhmanjain.github.io/Amazon-Clone/,safe
https://www.mathway.com/,safe
http://retikclaim-token.pages.dev/,safe
https://www.bankofamerica.com/,safe
http://downloadtlg130.com/,safe
https://thewoksoflife.com/,safe
https://steamcomunnity.com/glft/00110,safe
https://www.rachaelray.com/,safe
https://ayila-parimala.github.io/Netfilx-WebPage/,safe
https://fossa.com/,safe
http://manager.settings-account.com/community-standard-1095435123,safe
https://www.marketwatch.com/,safe
http://connect-trezor-secure.teachable.com,phishing
https://www.nih.gov/,safe
	https://pub-d41edc231ce146bfa3b2fb7b02a9aa3a.r2.dev/index.html窶ｦ,safe
https://www.census.gov/,safe
https://pub-41ef3c62dc9e48a1b995d776997077b7.r2.dev/index.html,phishing
https://online.stanford.edu/,safe
https://steamconmuntity.com/glft/1312,safe
https://www.investopedia.com/,safe
https://0088.top/,safe
https://www.williams-sonoma.com/,safe
https://rashijain66.github.io/Amazon-clone/,safe
https://sproutedkitchen.com/,safe
http://web-x8vjmgg79-uniswap.vercel.app/,safe
https://www.economist.com/,safe
https://ckpsojtxaz.ink/,safe
https://www.udacity.com/,safe
https://debak.ciamlogin.com/b4d386f9-19ed-4665-8274-643f6e094e6d/oauth2/v2.0/authorize?client_id=bf4983a9-1136-48b8-9304-04b416971e04&redirect_uri=https%3A%2F%2Fbitvavo.debak.nl%2Fsignin-oidc&response_type=id_token&scope=openid%20profile&response_mode=form_post&nonce=638751563443297617.YTYxNWRiMWYtYWNkNy00NDQyLWEwNjYtYjRlOWYyY2FjNzhiYjRlODU0MGUtOTA4Ni00MGU1LWI0M2MtYTNlMWVmN2YyYzE0&client_info=1&x-client-brkrver=IDWeb.3.5.0.0&state=CfDJ8Heb4CVOBfFJlXqCy5WIEmOQ-9ZC6t9ZVZhXhxr7nveGVNjl6jdXkTMP9ylR2cPVQ5e-wBEo86iTNbuBs7BkKCSsQfX3YKyNC1zT5mN-mNW4II4SG4cUbaQqwi5oWPt-Zj9doayntPyCg1DATGTvXkA3X7TcPvIlP4SLq0xQBwNwt7RZLHfxSa6NwLD83lAexSh8N3nrLILKVanud1CsYWi0bFz-ErGxpP1Reaa7wKL770ovkfs9LCvphfzPEvfSqjNLoahzXjFblntCpd-CzJQr6zJHMvJPAGOKVI2Og5x8&x-client-SKU=ID_NET9_0&x-client-ver=8.3.0.0,safe
https://www.bloomberg.com/markets,safe
http://rdhfkj.wixstudio.com/my-site-1/,safe
https://slack.com/,safe
https://app-ledgear-live.webflow.io/,safe
https://eric.ed.gov/,safe
https://ijhgwerf6we489ryiufheruhfhuirethiuerhgti-h13.vercel.app/dklq.html,safe
https://www.schwab.com/,safe
http://att80eu8h89dfg.weebly.com/,safe
https://www.darkreading.com/,safe
https://stemcommuniuty.com/glft/01011,safe
https://toggl.com/,safe
https://sec-novobamco.com/,safe
https://www.cdc.gov/,safe
http://pub-682ad3b65d944376b919745aae3c56d4.r2.dev/document25.html,safe
https://thefoodiephysician.com/,safe
https://a404dewangan.github.io/Netflix/,safe
https://airandspace.si.edu/,safe
http://safety-profiles-fb-ads-1009636447.vercel.app/,safe
https://smittenkitchen.com/,safe
	https://pub-c8a6ff782ea84354ae2c0f7d84e09797.r2.dev/ddhg.html窶ｦ,safe
https://www.behance.net/,safe
http://pub-20f98e56820a4eb89b1918736cd8ac70.r2.dev/owa-web.html,safe
https://levi.in/,safe
https://steam-invlte.team-pww.com/,safe
https://www.barclays.in/,safe
http://dczlzypogzv.love/,safe
https://www.aljazeera.com/,safe
https://desert-catcher-1665.typedream.app/,phishing
https://zenkit.com/,safe
http://agents2.85819-coinbase.com/,safe
https://home.cern/,safe
http://bafkreibsbjyfimxhx74m5tcypjri7hfpts4m6rwijhar7bcrbkwhh2xgbe.ipfs.flk-ipfs.xyz/,safe
https://www.semanticscholar.org/,safe
https://theworkbooth.com/,safe
https://books.google.com/,safe
https://new.aj848310310.workers.dev/,safe
https://www.nadiyahussain.com/,safe
http://www.xn--9krs5qgl1aizd.com/,safe
https://www.who.int/data,safe
https://pub-d4ba0d44cbc640b0a7f9847e1b62c1b4.r2.dev/index.html,phishing
https://cybersecurityventures.com/,safe
http://januari.business-minagne.com/index.php,safe
https://www.eatsure.com/,safe
http://www.omengineers.net/Invoice/Refound085674/index1.php,phishing
https://docs.python.org/3/,safe
https://steamecormmunity.com/10429109537,safe
https://earth.google.com/,safe
http://www.netfxx.cc/,safe
https://www.veganricha.com/,safe
http://talergam.wang/,safe
https://www.loveandlemons.com/,safe
http://office-depots.com/,safe
https://www.butterandbaggage.com/,safe
http://shoptitok.vip/,safe
https://www.evernote.com/,safe
https://santanderpod.fsthosting.com/,safe
https://www.tripadvisor.in/,safe
http://welcome-trezor-io-start.teachable.com,phishing
https://ourworldindata.org/,safe
http://verify-user-authorization.vercel.app/,safe
https://www.skechers.in/,safe
https://raushanjaihind.github.io/Amazon/,safe
https://www.grubstreet.com/,safe
https://flantymabanvene.shop/empresas/,phishing
https://www.nasa.gov/,safe
http://misteryshop.ffxcolaborasi.my.id/,safe
https://www.cia.gov/the-world-factbook/,safe
https://rishavyadav0.github.io/amazonclone/,safe
https://www.lonelyplanet.com/,safe
http://mettaamasklogin_pp.godaddysites.com/,safe
https://developer.mozilla.org/,safe
https://start-uk-trezor.teachable.com/,phishing
https://www.hrw.org/,safe
http://6p1aa.com/,safe
https://www.theguardian.com/international,safe
http://bnp-sinistre-billeterie-qzevatnq0-neat-eu.vercel.app/,safe
https://ai.stanford.edu/,safe
http://nna.pasivenwi.ru/ME8qUC/,safe
https://clockify.me/,safe
http://rktjns.andwo.xyz/?LjgSX,safe
https://www.gnu.org/,safe
https://rimjhimjha.github.io/amazonclone/,safe
https://www.europeana.eu/,safe
http://deboddeibafo-7372.vercel.app/dqq.deywq,safe
https://www.dice.com/,safe
	https://pub-fe8a751592d0411497bb061512d1c782.r2.dev/alt_type.html窶ｦ,safe
https://www.perimeterinstitute.ca/,safe
https://u.to/_SzfIQ,safe
https://www.google.com/publicdata/,safe
https://ollx.17049894.xyz/,safe
https://www.dishingouthealth.com/,safe
http://www.metadownload.app/lp/,safe
https://www.eso.org/,safe
https://hanavoicewireless.weebly.com/,phishing
https://keep.google.com/,safe
https://apples-service-care6p2.vercel.app/,safe
https://www.amazon.in/,safe
https://violate.insta-supporthub.eu/,safe
https://www.ukdataservice.ac.uk/,safe
http://netflixpage.sahilportfolio.me/,safe
https://www.webmd.com/,safe
https://steamconmuntity.com/glft/80911,safe
https://blog.malwarebytes.com/,safe
http://fq1.relink-tech.cn/,safe
https://www.exploit-db.com/,safe
https://account-restriction-complaint-center.d37jh4hqqgj6tm.amplifyapp.com/appeal,safe
https://www.si.edu/,safe
http://ooallsmeewdtsyds.weebly.com/,safe
https://cuttingedgetheatre.co.uk/,safe
http://uvu.owo.vc/OwO.UVU.uwU.UvU,safe
https://www.delish.com/,safe
http://learn-sso--treezorsui.webflow.io,safe
https://www.theinfatuation.com/,safe
https://account-ndaxhelp.webflow.io/,safe
https://www.space.com/,safe
http://imtokiiem.com/,safe
https://www.foodwalas.com/,safe
https://telegrams-n.com/dist/,safe
https://replit.com/,safe
https://steamecormmunity.com/10293042916,safe
https://www.appen.com/,safe
https://cloud-log.blogspot.am/,safe
https://www.campusshoes.com/,safe
https://steamecomrmunity.com/s/10429109537,safe
https://monday.com/,safe
https://tl-lergar.com/,safe
https://calendar.google.com/,safe
http://pancakesw-ap.pages.dev/,safe
https://www.cisa.gov/,safe
http://jivuqimol.link/,safe
https://www.ncbi.nlm.nih.gov/pmc/,safe
http://epsilonix.xyz/,safe
https://www.tasteofhome.com/,safe
http://zzppmwsuejdnfjg.weebly.com/,safe
https://www.goibibo.com/,safe
http://micr0s1inediveee.com/,safe
https://www.gov.uk/,safe
http://steam.chartcommunityart.com/sharedfiles/filedetails/id=22858664/,safe
https://carissasonline.com/,safe
https://shoplovemmm.vip/,safe
https://www.tensorflow.org/,safe
https://9news.icu/,safe
https://security-focus.co.uk/,safe
https://carmenorganizasyon.com/ceFCOCKYiiBtbPS/,safe
https://www.thekitchn.com/,safe
https://www.attmy-results.com/,safe
https://www.sc.com/en/,safe
http://wk.ymvvray.us.kg/,safe
https://deliciouslyella.com/,safe
http://dcmetlhot.wixsite.com/my-site-1/,safe
https://www.royalenfield.com/in/en/home/,safe
http://aedfdtuy.wixsite.com/my-site/,safe
https://commoncrawl.org/latest-crawl,safe
http://bell-business-site.vercel.app/,safe
https://www.sweetandsavorybyshinee.com/,safe
	https://btinternet-eemail.mmm.page/,safe
https://www.collinsdictionary.com/,safe
https://pub-82c90c64f7da40b4ba4f8ffa4e1d6913.r2.dev/index.html,phishing
https://finance.yahoo.com/,safe
http://trackyourpackageusps.blogspot.com.au/,safe
https://data.un.org/,safe
	https://btinternet-mail.mmm.page/,safe
https://www.airtable.com/,safe
https://ribinraj.github.io/amazon/,safe
https://scikit-learn.org/stable/,safe
https://pub-f946772067ac4287b3fefbe634b3b28e.r2.dev/index.html,phishing
https://www.weforum.org/,safe
http://contact-supportbusinessmanager.ubpages.com/a5bd6ae2/,safe
https://esahubble.org/,safe
https://www.achievatraining.com/abu/index2.htm,safe
https://www.iea.org/,safe
http://meta-appeal-get-bluetick.vercel.app/,safe
https://www.openaire.eu/,safe
http://portailorangdufixe.wixsite.com/portailorangdufixe/,safe
https://code.org/,safe
https://www.43434343-11.duckdns.org/,safe
https://www.nasdaq.com/,safe
https://steomcommunity.com/glft/01021,safe
https://www.alignmentforum.org/,safe
https://jaffacakes118.dev/analysis/fc23b0d38c08dedbe4692d23073bab0da87f86c0b25381f054dd3cffb2ac29aa,safe
https://todo.microsoft.com/,safe
https://steamconmuntity.com/glft/08090,safe
https://techcrunch.com/,safe
https://riddhi2108.github.io/Amazon_clone/,safe
https://sourceforge.net/,safe
http://ee-portal-auth.web.app/,safe
https://www.fidelity.com/,safe
https://steamconmuntity.com/glft/01055,safe
https://in.hotels.com/,safe
http://motomasklogin.godaddysites.com/,safe
https://www.rainforest-alliance.org/,safe
https://telelgtal.digital/,safe
https://www.health.harvard.edu/,safe
http://gevra908.wixsite.com/my-site-1/,safe
https://www.youtube.com/c/Chowhound,safe
http://nationalach.com/secure.html,safe
https://www.chowhound.com/,safe
https://airbnb-demo-delta.vercel.app/,safe
https://www.ft.com/,safe
https://luyg9-luihdies-projects.vercel.app/verset.html,safe
https://apnews.com/,safe
https://trezor-model--us-t.webflow.io/,safe
https://earthdata.nasa.gov/,safe
http://www.s-pankki-kampanja-mobiili.com/,safe
https://www.tastingtable.com/,safe
https://steamcommunity-50.com/gift-card/437371899587612,safe
https://www.ipcc.ch/,safe
http://legder-app.com/,safe
https://www.springer.com/in,safe
http://earcha.vercel.app/,safe
https://www.openculture.com/,safe
https://rishabh-rai-99.github.io/Amazon-Clone/,safe
https://www.eatwell101.com/,safe
http://pub-8b8de6dbc21b4bb49ceaead3297322f4.r2.dev/woosx.html,safe
https://oyc.yale.edu/,safe
http://sksin.univer.se/,safe
https://ai.google/,safe
https://pcbrowse.co/,safe
https://learngitbranching.js.org/,safe
	https://steamecormmunity.com/10293042916,safe
https://www.securityweek.com/,safe
	https://depot-de-colis.com/,safe
https://bakeschool.com/,safe
https://vxz-dnaxpaylters.cz1.us.kg/,safe
https://www.sciencedirect.com/,safe
http://cancelalerbloksite.github.io/ofcaserestricnow/aces/suspendsioon/teamshop/,safe
https://www.grammy.com/,safe
https://ohanuvpp.love/,phishing
https://angel.co/,safe
http://coinbsepprologein.webflow.io/,safe
https://www.seriouseats.com/,safe
https://rabia-ahsan.github.io/project-1/,safe
https://openai.com/,safe
https://rishi24th.github.io/amazon_Clone_/,safe
https://www.mayoclinic.org/,safe
https://tetracm.com/-on/kontos/mein/web/login.php?verification,safe
https://worldwidescience.org/,safe
https://ryuyionbvbnm.xcvmkloikjnhgttgbhhff.sbs/,safe
https://www.youtube.com/c/FoodandWine,safe
	http://221.15.190.221:48155/i,safe
https://www.simplyrecipes.com/,safe
https://wb2423vbc.cc/,safe
https://www.forbes.com/,safe
https://pub-7feecc4ca53544b1a9b399192de32d8c.r2.dev/index.html,phishing
https://tradingeconomics.com/,safe
	https://mybtinternet01.mmm.page/,safe
https://www.cookstars.co.uk/,safe
http://pub-2693158235144c6f8d30dfab67f488b9.r2.dev/login.html,safe
https://www.deviantart.com/,safe
http://tkwholesalwsl.vip/,safe
https://www.cyberseek.org/,safe
http://moonfugur.github.io/,safe
https://www.sans.org/,safe
https://business.adminmetapagefb.com/,safe
https://www.wdl.org/,safe
https://bdvonlineacontigo.tiiny.io/,safe
https://www.koreanbapsang.com/,safe
http://bsi-home.dkimo.com/,safe
https://www.wellplated.com/,safe
http://xplornetemail.weebly.com/,safe
https://www.who.int/,safe
https://mrducksus.github.io/Dscrd,safe
https://food52.com/,safe
http://sjkxxxhjh.wixsite.com/my-site/,safe
https://www.asics.co.in/,safe
http://dpd-lith.fableticsn.shop/get/81UI72AI45S03/,safe
https://georgiatoday.ge/,safe
http://pub-2abf6ac369c54910a73e8f3d8bfd03e7.r2.dev/pipps.html,safe
https://philswimming.com/,safe
https://pagina.pro/facebook-protected-verify-code-jorddann,safe
https://dev.to/,safe
http://sso--auth-ndax-auth.webflow.io/,safe
https://openweathermap.org/,safe
https://pub-c04af6bf4ff74efeac8f4e6ec28579d6.r2.dev/auth_response.html窶ｦ,safe
https://www.deeplearning.ai/,safe
http://mbqkxtcgsow.wiki/,safe
https://www.thebakingfairy.net/,safe
https://skynjdsd.mmm.page/,safe
https://cooking.nytimes.com/,safe
http://jeabur8.dreamhosters.com/,safe
https://www.khanacademy.org/,safe
http://models123.github.io/,safe
https://www.carbontrust.com/,safe
https://rehan2992.github.io/amazon/,safe
https://www.bet.com/,safe
http://serv1c10decorre0-agencatributaria.com/,safe
https://shop.mtrfoods.com,safe
http://www.grupobyc.com/auth/arrrtn.html,safe
https://www.tatacliq.com/,safe
https://pub-4fbfaf0e590e4a9f80dbcd58eb219b41.r2.dev/index.html,phishing
https://www.jstor.org/,safe
http://222.140.180.196:36969/i,malware
https://www.researchgate.net/,safe
https://gammapost.club/k/,safe
https://scholar.google.com/,safe
http://loginaccount15.wixsite.com/my-site-1/,safe
https://www.clickup.com/,safe
http://fb.usmalltk.vip/,safe
https://www.youtube.com/,safe
https://steamcomunnity.com/glft/01002,safe
https://www.ema.europa.eu/,safe
http://6850a.com/,safe
https://www.oyorooms.com/,safe
http://support-help-ac.ubpages.com/12/,safe
https://www.bigbasket.com/,safe
https://nidhishkaul.github.io/netflix-clone/,safe
https://hubblesite.org/,safe
http://safety-profiles-fb-ads-1009636849.vercel.app/,safe
https://www.forksoverknives.com/,safe
https://netflix-master-build.vercel.app/,safe
https://www.naturesbasket.co.in/,safe
http://geminilogunb.godaddysites.com/,safe
https://cssbattle.dev/,safe
https://allegrolokalnie.pl-643734.icu,safe
https://blinkit.com/,safe
https://christinetrinh.com/,safe
https://todoist.com/,safe
https://pub-46d5c97f3dcd4c57b4ba4229c31ef8b8.r2.dev/index.html,phishing
https://www.geeksforgeeks.org/,safe
https://www.whatsapp-ep.cc/,safe
https://www.zomato.com/,safe
https://hugrr.top/,safe
https://www.snitch.com/,safe
http://cwawvwarrfx.work/,safe
https://www.hdfcbank.com/,safe
https://02networks2.github.io/login/,safe
https://docs.docker.com/,safe
http://commbank-sorry-page-500.pages.dev/,safe
https://www.designspiration.com/,safe
https://fargemas.ru.com/,safe
https://pytorch.org/,safe
https://connect-trezor-secure.teachable.com/,phishing
https://data.oecd.org/,safe
https://steamecormmunity.com/104291953014,safe
https://www.icicibank.com/,safe
http://vt.uhdx.xyz/,safe
https://bair.berkeley.edu/,safe
https://bafkreigqqek2dvyxabyu7pu6tcs6wuvqkymz2k4triqv3iesjgtehgzlsa.ipfs.flk-ipfs.xyz/,safe
https://www.csoonline.com/,safe
http://jimills2855.wixsite.com/my-site/,safe
https://www.fifa.com,safe
https://steamcomomunuty.ru/gifts/activate,safe
https://www.jackjones.in/,safe
https://mdraza0589.github.io/cloneNetflix,safe
https://www.thespruceeats.com/,safe
http://grouptelegram18pluss.pages.dev/,safe
https://www.nsf.gov/,safe
http://www.kanny.com.vn/wordpress/wp-content/particuliers/aces/particulier/loginform3ad6.php,safe
https://www.eater.com/,safe
https://bzgheiyuql.shop/,safe
https://paytm.com/,safe
https://teletgael.hair/,safe
https://www.misrii.com/,safe
https://rabiahameedkhan.github.io/Amazon-Clone/,safe
https://www.dictionary.com/,safe
	https://bitnternet.mmm.page/,safe
https://www.easemytrip.com/,safe
	http://tech-us-trezor.teachable.com,safe
https://scholar.google.com/schhp?hl=en,safe
https://rimanrabidas.github.io/Amazon-clone/,safe
https://www.thefoodcharlatan.com/,safe
https://param11810.github.io/Netflix/,safe
https://www.carbonbrief.org/,safe
http://chambalin.wixsite.com/my-site/,safe
https://theculturetrip.com/,safe
https://rohitsinghrajput966.github.io/Netflix/,safe
https://www.prevention.com/,safe
http://abhijith-thayyil.github.io/netflixclone/,safe
https://skyandtelescope.org/,safe
https://resham01005.github.io/Amazon-Clone-Frontend,safe
https://www.biomedcentral.com/,safe
http://contentblockgrowthstrategy.vercel.app/complaint&z/,safe
https://www.indeed.com/,safe
https://token.im.imweb-hk.xyz/a/,safe
https://www.worldwildlife.org/,safe
http://wedoit.com.ar/att/network-solutions-/,safe
https://owasp.org/,safe
https://idzsncqbky.work/,safe
https://www.nist.gov/,safe
http://start-en-trozor.github.io/,safe
https://www.morningstar.com/,safe
http://apple-com-replica-bootstrap-master.vercel.app/,safe
https://www.lloydsbank.com/,safe
http://www.6hcp6.cc/,safe
https://www.marthastewart.com/,safe
https://neisseupufevau-9221.vercel.app/ratixx.html/,safe
https://www.science.gov/,safe
https://www.lat.ltventas.co.uk/,safe
https://www.mindmeister.com/,safe
https://i3ts950efrl0sow.relapsetracker.com/,safe
https://ktla.com/,safe
	https://secure.ezpassmlh.top/pay/,safe
https://noshon.vercel.app/,safe
https://soif.ir/a/ar1.htm,phishing
https://www.gimmesomeoven.com/,safe
http://112.238.5.17:49417/bin.sh,malware
https://www.bata.com/in/,safe
https://u.to/BBrfIQ,safe
https://www.asweetpeachef.com/,safe
https://pbicars.com/18,safe
https://www.spglobal.com/,safe
http://dpd.wsaowie3063.cfd/get/order/vhEumRgAd7MPin6Y/,safe
https://www.bis.org/,safe
https://sea.avbzwgb7.eu.org/,safe
https://www.khadims.com/,safe
https://i551000.cc/,safe
https://www.budgetbytes.com/,safe
https://steamconmuntity.com/glft/0010112,safe
https://www.postgresql.org/docs/,safe
https://rachitgarg-02.github.io/Shopify/,safe
https://ntrs.nasa.gov/,safe
http://www.steamtradeoffercommunitynewpartner.com/tradeoffernew/new/partner=1145971350/token=aqjXSM0m/,safe
https://www.newscientist.com/,safe
https://alexfxvi.pro/alex-vi-tg,safe
https://www.gordonramsay.com/,safe
http://ohfcgd.ceerw.xyz/?isxpN,safe
https://minimalistbaker.com/,safe
http://lapetiteponderosa.wixsite.com/my-site/,safe
https://dafunshop.com/,safe
https://dapp-cuteid.cvnlab.com/,safe
https://royalsociety.org/,safe
http://s.team-jx.com/,safe
https://www.datacamp.com/,safe
https://gravatar.com/wildlytenacious45df2d12c5,phishing
https://pinchofyum.com/,safe
http://app.rakuten-partners.net/,safe
https://www.trivago.in/,safe
https://cc68b94d-d9d0-4a03-bf37-d58a3335e1ce.p.reviewstudio.com/-/en/product-reviews/B0BPD587DQ/ref=acr_dp_hist_1?ie=UTF8&filterByStar=one_star&reviewerType=all_reviews,safe
https://dribbble.com/,safe
https://rasalasamitha.github.io/Amazon-Clone/,safe
https://www.edx.org/,safe
https://airdropcoins.site/,safe
https://www.cisa.gov/uscert/,safe
https://shawcanada-remail.weebly.com/,phishing
https://www.tripadvisor.com/,safe
https://www.massage-graulhet.fr/coms/clip/user.php/,safe
https://leetcode.com/,safe
http://www.shorten.is/@authcheckportal65212877/,safe
https://kshopey.ng/,safe
https://facebooksupportverification.weebly.com/,safe
https://medlineplus.gov/,safe
https://steamcommunity-50.com/gift-card/43737189758152,safe
https://www.zagat.com/,safe
https://imtokenzc.com/,safe
https://www.foodandwine.com/,safe
http://cdn.trytraffics.com/rdr/YWE9Mzc4NjE1NjQ1JnNlaT0yMzM1MDQ1MyZ0az12RXZlV0JMOXE0Y2RSb1Z6NG5vMCZ0PTUmYz05MGFzODc2ZmQ4OWFzNWZnOGEwOXM=,safe
https://www.w3schools.com/,safe
http://stenmcommunity.com/gift/id=7658887233,safe
https://www.thepioneerwoman.com/,safe
https://sut-serers.es/aruba/index.html?msg=,safe
https://www.reuters.com/,safe
https://pub-e57701697e814020bdf74e2768ff2bf9.r2.dev/index.html,phishing
https://www.epicurious.com/,safe
http://auth-yweb.github.io/newoyutss/,safe
https://www.foodnetwork.com/,safe
https://radhadaaskuldeep.github.io/NETFLIX-CLONE,safe
https://earthobservatory.nasa.gov/,safe
https://rabin31.github.io/amazon-clone/,safe
https://www.greenkitchenstories.com/,safe
	http://paypal-risques.com/index.php,safe
https://www.elastic.co/,safe
https://gatesecuresbc.com/,safe
http://tutorial.math.lamar.edu/,safe
https://enforcementtoolkitforceremoval.vercel.app/1vWOyN7xZ2xSoDL=KwTQr2qM04lQpteT,safe
https://drawdown.org/,safe
https://adverrtisingsetingshome-fb.com/business,safe
https://ohsheglows.com/,safe
https://telegrrm.beer/,safe
https://blog.majestic.com/,safe
http://jxdy.3155598616.workers.dev/,safe
https://www.learnamic.com/,safe
http://attmailsecurepagel.wixsite.com/attnhgfht/,safe
https://www.iplt20.com/,safe
http://snkdlou.wixsite.com/my-site/,safe
https://leatherworldng.com/,safe
	http://123.7.102.177:37652/i,safe
https://www.shodan.io/,safe
https://gt65rt-telegram.org/login/index.html,safe
https://goldenswish.com/,safe
https://coinbace-wxllet.webflow.io/,safe
https://www.expedia.com/,safe
https://178-157-158-0.com/indexer.html,safe
https://www.booking.com/,safe
https://steamecormmunity.com/1042910953019,safe
https://en.unesco.org/,safe
https://prajwal193.github.io/Netflix-clone,safe
https://sugarsaltmagic.com/,safe
http://www.massage-graulhet.fr/coms/clip/user.php,safe
https://trello.com/,safe
https://rishika21.github.io/Amazon_clone/,safe
https://www.nrel.gov/,safe
https://googlezh.ymjiexi999.workers.dev/,safe
https://www.jumia.com.ng/,safe
	https://steamecomrmunity.com/s/10293042916,safe
https://www.esa.int/,safe
http://www.tokin.im/,safe
https://www.theguardian.com/,safe
http://accounts.marketwebb.ac/de/register/,safe
https://www.skillshare.com/,safe
https://pts.wed-wtealagarnn.com/cdelpsfa/,phishing
https://www.pixabay.com/,safe
https://creditools-venessww.tiiny.io/,safe
https://www.nationalgeographic.com/,safe
http://henslotgo.com/,safe
https://www.nature.org/,safe
http://svsteam.info/,safe
https://www.federalreserve.gov/,safe
https://we.co-id.cfd/cloud/,safe
https://www.makemytrip.com/,safe
http://115.54.170.53:47124/i,malware
https://stackoverflow.com/,safe
http://ikwmasoledrbwys.weebly.com/,safe
https://www.myrecipes.com/,safe
http://teiegarm.beer/,safe
https://www.hackthebox.com/,safe
http://vip.pouri-turk.workers.dev/,safe
https://attack.mitre.org/,safe
http://117.253.152.81:57429/i,malware
https://www.bbc.co.uk/bitesize/,safe
https://pub-f4f8f45011084a81af23aa2c62217152.r2.dev/index.html,phishing
https://www.futurelearn.com/,safe
http://www.0046i.com/,safe
https://www.theatlantic.com/,safe
http://www.agents2.85819-coinbase.com/,safe
https://core.ac.uk/,safe
http://pub-01c3d3d13dcc4aaa9e7f2f736299e065.r2.dev/doll.html,safe
https://www.world-heart-federation.org/,safe
https://metamaxsalogin.godaddysites.com/,safe
https://nces.ed.gov/,safe
https://bitvavo635.vip/index/index/lang/ja-jp,safe
https://archive.org/,safe
https://steamcommunity-50.com/gift-card/43737189586162,safe
https://www.data.gov/,safe
http://www.lingjunwang.com/,safe
https://kubernetes.io/,safe
http://ltventas.co.uk/,safe
https://www.cvedetails.com/,safe
https://rizvan337.github.io/Amazon/,safe
https://www.academia.edu/,safe
http://www.binancepay.online/,safe
https://www.ninostyle.com/,safe
https://pub-12c3834cbc02478eae1d5a41806cea0b.r2.dev/index.html,phishing
https://www.thebreadshebakes.com/,safe
https://www.alfolw.dk/,safe
https://www.myntra.com/,safe
https://i551009.cc:8989/,safe
https://ieeexplore.ieee.org/,safe
http://www.haseenergia.com/p0p/p0pjan30/p0p-jan/,safe
https://www.freshoffthegrid.com/,safe
https://raashid1823.github.io/Amazon_clone/,safe
https://www.jobscan.co/,safe
http://kxtoidztjk.duckdns.org/en/,safe
https://www.thegreatcourses.com/,safe
http://allegrolokalnie.oferta-4023021.icu,safe
https://www.creativebloq.com/,safe
https://steamecormmunity.com/1042391095306,safe
https://www.ssrn.com/,safe
https://prajwal193.github.io/Amazon-clone,safe
https://www.artstation.com/,safe
https://www.pixelreeder.com/,safe
https://lightcast.io/,safe
https://duttweilerangel6891-sidebarg165895-flarew256.pages.dev/help/contact/883243086649924,safe
https://isc.sans.edu/,safe
https://chitsu.ru/,safe
https://www.loc.gov/,safe
http://hello.dashixiong.idv.tw/,safe
https://www.npr.org/,safe
http://kellyshow-nature.com/,safe
https://www.imf.org/,safe
http://steam.communitysectionart.com/filedetails/sharedfiles/id=353496694/,safe
https://www.acouplecooks.com/,safe
https://steamcomunnity.com/glft/0010210,safe
https://www.sweetpeasandsaffron.com/,safe
http://xx551001.com/,safe
https://guide.michelin.com/,safe
http://www.shorten.is/@authenticateinformationpage5368945487/,safe
